plc_time_lb1_ms,plc_time_lb2_ms,plc_time_lb3_ms,plc_time_lb4_ms,plc_time_lb5_ms,plc_time_lb6_ms,plc_time_lb7_ms,plc_time_lb8_ms,speed_1_2_mm_per_sec,speed_2_3_mm_per_sec,speed_3_4_mm_per_sec,speed_4_5_mm_per_sec,speed_5_6_mm_per_sec,speed_6_7_mm_per_sec,speed_7_8_mm_per_sec
228071,228237,228630,228704,229001,229055,229249,229298,240.96385542168676,498.72773536895676,540.5405405405405,659.9326599326599,740.7407407407408,1010.3092783505155,816.3265306122449
228099,228254,228692,228714,234378,234429,234614,234660,258.06451612903226,447.48858447488584,1818.1818181818182,34.6045197740113,784.3137254901961,1059.4594594594594,869.5652173913044
228209,228339,234052,234117,238791,238868,239138,239200,307.6923076923077,34.307719236828284,615.3846153846154,41.93410355156183,519.4805194805194,725.925925925926,645.1612903225806
233579,233783,234061,234125,242529,242574,242734,242773,196.07843137254903,705.0359712230215,625.0,23.322227510709187,888.8888888888889,1225.0,1025.6410256410256
233602,237753,238352,238369,246992,247035,247187,247224,9.63623223319682,327.21202003338897,2352.9411764705883,22.72990838455294,930.2325581395348,1289.4736842105262,1081.081081081081
233671,237776,242225,242287,252641,252826,254236,254616,9.7442143727162,44.054843785120255,645.1612903225806,18.92988217114159,216.21621621621622,139.00709219858157,105.26315789473684
237565,237876,242234,242295,257430,257481,257669,257719,128.61736334405145,44.97475906379073,655.7377049180328,12.950115626032375,784.3137254901961,1042.5531914893618,800.0
237595,241970,242265,242324,262093,262140,262313,262355,9.142857142857142,664.4067796610169,677.9661016949152,9.914512620769893,851.063829787234,1132.9479768786127,952.3809523809524
237723,246463,246704,246764,266810,266854,267015,267056,4.576659038901602,813.2780082987551,666.6666666666666,9.777511723037016,909.0909090909091,1217.391304347826,975.609756097561
241866,250716,251393,251702,271471,271519,271696,271739,4.519774011299435,289.5125553914328,129.44983818770226,9.914512620769893,833.3333333333334,1107.3446327683616,930.2325581395348
246364,250868,251426,257156,277028,277089,277305,277358,8.880994671403197,351.2544802867383,6.980802792321117,9.863123993558776,655.7377049180328,907.4074074074074,754.7169811320755
250544,256768,257088,257208,282276,282324,282498,282540,6.426735218508997,612.5,333.3333333333333,7.818733046114568,833.3333333333334,1126.4367816091954,952.3809523809524
250574,256783,257098,261836,285670,285712,285871,285912,6.442261233693026,622.2222222222222,8.442380751371887,8.223546194512041,952.3809523809524,1232.7044025157234,975.609756097561
250688,256848,257145,261844,289441,289487,289657,289699,6.4935064935064934,659.9326599326599,8.512449457331346,7.102221255933616,869.5652173913044,1152.9411764705883,952.3809523809524
256645,261445,261773,261885,292831,292878,293050,293092,8.333333333333334,597.560975609756,357.14285714285717,6.333613391068313,851.063829787234,1139.5348837209303,952.3809523809524
256665,261460,261782,266612,296318,296364,296531,296573,8.342022940563087,608.695652173913,8.281573498964804,6.597993671312193,869.5652173913044,1173.6526946107786,952.3809523809524
256748,261526,261825,271266,300139,300192,300385,300432,8.371703641691084,655.5183946488295,4.23683931786887,6.788348976552489,754.7169811320755,1015.5440414507772,851.063829787234
261323,266174,266555,276760,305037,305088,305276,305322,8.245722531436817,514.4356955380578,3.9196472317491424,6.931428369346111,784.3137254901961,1042.5531914893618,869.5652173913044
261343,266190,271207,282017,309072,309120,309294,309337,8.252527336496803,39.067171616503884,3.700277520814061,7.244501940491591,833.3333333333334,1126.4367816091954,930.2325581395348
261426,266258,276615,282026,312335,312382,312552,312593,8.278145695364238,18.924398957226995,7.39234891886897,6.466726054967172,851.063829787234,1152.9411764705883,975.609756097561
266047,270837,276683,282057,317161,317210,317387,317431,8.350730688935283,33.52719808416011,7.44324525493115,5.583409298085688,816.3265306122449,1107.3446327683616,909.0909090909091
266067,270852,281949,285484,321050,321129,321446,321535,8.359456635318704,17.662431287735423,11.315417256011315,5.51088117865377,506.32911392405066,618.2965299684543,449.438202247191
266154,270918,281959,289238,323651,323700,323877,323920,8.39630562552477,17.752015216013042,5.495260337958511,5.695522041089124,816.3265306122449,1107.3446327683616,930.2325581395348
270712,276144,281993,292624,327030,327075,327236,327276,7.363770250368188,33.51000170969397,3.76258113065563,5.6966808114863685,888.8888888888889,1217.391304347826,1000.0
270732,276167,285394,296115,331301,331354,331544,331593,7.359705611775529,21.242007152920777,3.730995242981065,5.570397317114762,754.7169811320755,1031.578947368421,816.3265306122449
270817,276271,285431,299907,335145,335194,335374,335419,7.3340667400073345,21.397379912663755,2.7631942525559547,5.562177195073501,816.3265306122449,1088.888888888889,888.8888888888889
275954,281659,289179,304754,339283,339333,339514,339560,7.011393514460999,26.06382978723404,2.568218298555377,5.676387963740624,800.0,1082.8729281767955,869.5652173913044
275981,285094,292510,304808,343043,343103,343325,343381,4.389333918577856,26.429341963322546,3.252561392096276,5.126193278409834,666.6666666666666,882.8828828828829,714.2857142857143
276114,285108,292519,308863,347439,347567,348314,348540,4.447409384033801,26.447173121036297,2.447381302006853,5.080879303193695,312.5,262.38286479250337,176.99115044247787
281431,285168,292563,312079,350929,350976,351150,351193,10.703773080010704,26.504394861392832,2.0496003279360524,5.045045045045045,851.063829787234,1126.4367816091954,930.2325581395348
281457,288799,296058,312128,356051,356100,356278,356322,5.448106782892944,27.000964320154292,2.4891101431238334,4.462354575051795,816.3265306122449,1101.123595505618,909.0909090909091
281539,288815,299841,316949,360132,360178,360343,360384,5.497526113249038,17.77616542717214,2.3380874444704234,4.5388231479980545,869.5652173913044,1187.878787878788,975.609756097561
284979,288883,304684,320601,363937,363982,364147,364188,10.245901639344263,12.404278210239859,2.5130363762015455,4.522798597009415,888.8888888888889,1187.878787878788,975.609756097561
284998,292208,304742,320683,369403,369449,369612,369653,5.547850208044383,15.637466092229136,2.50925286995797,4.022988505747127,869.5652173913044,1202.4539877300613,975.609756097561
285075,292222,308802,323438,374050,374101,374289,374337,5.596753882748006,11.821471652593486,2.7329871549603717,3.8725993835454045,784.3137254901961,1042.5531914893618,833.3333333333334
288668,292284,312069,326833,377670,377715,377882,377924,11.061946902654867,9.906494819307555,2.7092928745597398,3.85545960619234,888.8888888888889,1173.6526946107786,952.3809523809524
288690,295701,316890,331067,381298,381355,381561,381612,5.705320211096848,9.250082590023124,2.8214713973337093,3.901972885270052,701.7543859649123,951.4563106796116,784.3137254901961
288778,295715,320503,334873,384859,384869,385112,385164,5.766181346403345,7.907051799257705,2.7835768963117604,3.921097907414076,4000.0,806.5843621399177,769.2307692307693
292088,295778,320517,334926,389421,389464,389619,389658,10.840108401084011,7.922713125025264,2.7760427510583665,3.596660244059088,930.2325581395348,1264.516129032258,1025.6410256410256
292108,299390,320585,339011,393172,393218,393388,393430,5.492996429552321,9.247464024534088,2.17084554433952,3.6188401248130573,869.5652173913044,1152.9411764705883,952.3809523809524
292190,299408,323377,339020,396694,396745,396931,396977,5.541701302299806,8.177228920689224,2.5570542734769544,3.3984117626660195,784.3137254901961,1053.763440860215,869.5652173913044
