local_timestamp,target_speed_mm_per_sec,first_barrier,second_barrier,sensor_spacing_mm,edge,direction,start_plc_time_ms,end_plc_time_ms,elapsed_ms,measured_speed_mm_per_sec,error_percent
2026-08-02T16:23:35.752,25.0,1,2,27.136125564575195,OFF,LB 1 -> LB 2,5823479,5824417,938,28.92977139080511,15.719085563220448
2026-08-02T16:23:39.691,25.0,1,2,27.136125564575195,ON,LB 2 -> LB 1,5827455,5828355,900,30.15125062730577,20.605002509223084
2026-08-02T16:23:44.687,25.0,1,2,27.136125564575195,OFF,LB 1 -> LB 2,5832437,5833376,939,28.898962262593393,15.595849050373573
2026-08-02T16:23:48.656,25.0,1,2,27.136125564575195,ON,LB 2 -> LB 1,5836413,5837315,902,30.08439641305454,20.337585652218166
2026-08-02T16:23:53.665,25.0,1,2,27.136125564575195,OFF,LB 1 -> LB 2,5841395,5842334,939,28.898962262593393,15.595849050373573
2026-08-02T16:23:57.557,25.0,1,2,27.136125564575195,ON,LB 2 -> LB 1,5845372,5846272,900,30.15125062730577,20.605002509223084
2026-08-02T16:24:02.575,25.0,1,2,27.136125564575195,OFF,LB 1 -> LB 2,5850353,5851291,938,28.92977139080511,15.719085563220448
2026-08-02T16:24:06.517,25.0,1,2,27.136125564575195,ON,LB 2 -> LB 1,5854330,5855230,900,30.15125062730577,20.605002509223084
2026-08-02T16:24:11.556,25.0,1,2,27.136125564575195,OFF,LB 1 -> LB 2,5859312,5860251,939,28.898962262593393,15.595849050373573
2026-08-02T16:24:15.500,25.0,1,2,27.136125564575195,ON,LB 2 -> LB 1,5863290,5864188,898,30.218402633157233,20.87361053262893
2026-08-02T16:24:20.486,25.0,1,2,27.136125564575195,OFF,LB 1 -> LB 2,5868270,5869206,936,28.991587141640167,15.966348566560667
2026-08-02T16:24:24.434,25.0,1,2,27.136125564575195,ON,LB 2 -> LB 1,5872249,5873145,896,30.2858544247491,21.1434176989964
2026-08-02T16:24:29.446,25.0,1,2,27.136125564575195,OFF,LB 1 -> LB 2,5877228,5878166,938,28.92977139080511,15.719085563220448
2026-08-02T16:24:33.383,25.0,1,2,27.136125564575195,ON,LB 2 -> LB 1,5881206,5882105,899,30.184789282063623,20.73915712825449
2026-08-02T16:24:38.447,25.0,1,2,27.136125564575195,OFF,LB 1 -> LB 2,5886186,5887124,938,28.92977139080511,15.719085563220448
2026-08-02T16:24:42.369,25.0,1,2,27.136125564575195,ON,LB 2 -> LB 1,5890164,5891063,899,30.184789282063623,20.73915712825449
2026-08-02T16:24:47.361,25.0,1,2,27.136125564575195,OFF,LB 1 -> LB 2,5895144,5896081,937,28.960646280229664,15.842585120918656
2026-08-02T16:24:51.330,25.0,1,2,27.136125564575195,ON,LB 2 -> LB 1,5899120,5900021,901,30.117786420172248,20.47114568068899
2026-08-02T16:24:56.379,25.0,1,2,27.136125564575195,OFF,LB 1 -> LB 2,5904102,5905041,939,28.898962262593393,15.595849050373573
2026-08-02T16:25:00.270,25.0,1,2,27.136125564575195,ON,LB 2 -> LB 1,5908082,5908980,898,30.218402633157233,20.87361053262893
2026-08-02T16:25:05.274,25.0,1,2,27.136125564575195,OFF,LB 1 -> LB 2,5913060,5914000,940,28.868218685718293,15.472874742873174
2026-08-02T16:25:09.236,25.0,1,2,27.136125564575195,ON,LB 2 -> LB 1,5917042,5917938,896,30.2858544247491,21.1434176989964
2026-08-02T16:25:14.263,25.0,1,2,27.136125564575195,OFF,LB 1 -> LB 2,5922019,5922956,937,28.960646280229664,15.842585120918656
2026-08-02T16:25:18.161,25.0,1,2,27.136125564575195,ON,LB 2 -> LB 1,5925995,5926896,901,30.117786420172248,20.47114568068899
2026-08-02T16:25:23.240,25.0,1,2,27.136125564575195,OFF,LB 1 -> LB 2,5930977,5931916,939,28.898962262593393,15.595849050373573
2026-08-02T16:33:16.780,25.0,1,2,27.136125564575195,OFF,LB 1 -> LB 2,6404675,6405560,885,30.662288773531294,22.649155094125177
2026-08-02T16:33:20.805,25.0,1,2,27.136125564575195,ON,LB 2 -> LB 1,6408665,6409577,912,29.754523645367538,19.01809458147015
2026-08-02T16:33:25.735,25.0,1,2,27.136125564575195,OFF,LB 1 -> LB 2,6413627,6414529,902,30.08439641305454,20.337585652218166
2026-08-02T16:33:29.743,25.0,1,2,27.136125564575195,ON,LB 2 -> LB 1,6417627,6418525,898,30.218402633157233,20.87361053262893
2026-08-02T16:33:34.711,25.0,1,2,27.136125564575195,OFF,LB 1 -> LB 2,6422587,6423487,900,30.15125062730577,20.605002509223084
2026-08-02T16:33:38.704,25.0,1,2,27.136125564575195,ON,LB 2 -> LB 1,6426585,6427483,898,30.218402633157233,20.87361053262893
2026-08-02T16:33:43.625,25.0,1,2,27.136125564575195,OFF,LB 1 -> LB 2,6431546,6432445,899,30.184789282063623,20.73915712825449
2026-08-02T16:33:47.646,25.0,1,2,27.136125564575195,ON,LB 2 -> LB 1,6435543,6436441,898,30.218402633157233,20.87361053262893
2026-08-02T16:33:52.593,25.0,1,2,27.136125564575195,OFF,LB 1 -> LB 2,6440504,6441403,899,30.184789282063623,20.73915712825449
2026-08-02T16:33:56.601,25.0,1,2,27.136125564575195,ON,LB 2 -> LB 1,6444501,6445399,898,30.218402633157233,20.87361053262893
2026-08-02T16:34:01.564,25.0,1,2,27.136125564575195,OFF,LB 1 -> LB 2,6449462,6450362,900,30.15125062730577,20.605002509223084
2026-08-02T16:34:05.535,25.0,1,2,27.136125564575195,ON,LB 2 -> LB 1,6453459,6454357,898,30.218402633157233,20.87361053262893
2026-08-02T16:34:10.564,25.0,1,2,27.136125564575195,OFF,LB 1 -> LB 2,6458420,6459320,900,30.15125062730577,20.605002509223084
2026-08-02T16:34:14.541,25.0,1,2,27.136125564575195,ON,LB 2 -> LB 1,6462417,6463316,899,30.184789282063623,20.73915712825449
2026-08-02T16:34:19.491,25.0,1,2,27.136125564575195,OFF,LB 1 -> LB 2,6467378,6468277,899,30.184789282063623,20.73915712825449
2026-08-02T16:34:23.456,25.0,1,2,27.136125564575195,ON,LB 2 -> LB 1,6471375,6472275,900,30.15125062730577,20.605002509223084
2026-08-02T16:34:28.418,25.0,1,2,27.136125564575195,OFF,LB 1 -> LB 2,6476337,6477236,899,30.184789282063623,20.73915712825449
2026-08-02T16:34:32.438,25.0,1,2,27.136125564575195,ON,LB 2 -> LB 1,6480333,6481232,899,30.184789282063623,20.73915712825449
2026-08-02T16:34:51.660,25.0,1,2,27.136125564575195,OFF,LB 1 -> LB 2,6500026,6500474,448,60.5717088494982,142.2868353979928
2026-08-02T16:34:53.676,25.0,1,2,27.136125564575195,ON,LB 2 -> LB 1,6502023,6502474,451,60.16879282610908,140.67517130443633
2026-08-02T16:34:56.144,25.0,1,2,27.136125564575195,OFF,LB 1 -> LB 2,6504506,6504954,448,60.5717088494982,142.2868353979928
2026-08-02T16:35:05.089,50.0,1,2,27.136125564575195,OFF,LB 1 -> LB 2,6513464,6513912,448,60.5717088494982,21.1434176989964
2026-08-02T16:35:07.118,50.0,1,2,27.136125564575195,ON,LB 2 -> LB 1,6515460,6515911,451,60.16879282610908,20.337585652218166
2026-08-02T16:35:09.563,50.0,1,2,27.136125564575195,OFF,LB 1 -> LB 2,6517943,6518390,447,60.70721602813243,21.414432056264857
2026-08-02T16:35:11.571,50.0,1,2,27.136125564575195,ON,LB 2 -> LB 1,6519940,6520390,450,60.30250125461154,20.605002509223084
2026-08-02T16:35:14.081,50.0,1,2,27.136125564575195,OFF,LB 1 -> LB 2,6522422,6522870,448,60.5717088494982,21.1434176989964
2026-08-02T16:35:16.029,50.0,1,2,27.136125564575195,ON,LB 2 -> LB 1,6524419,6524869,450,60.30250125461154,20.605002509223084
2026-08-02T16:35:18.522,50.0,1,2,27.136125564575195,OFF,LB 1 -> LB 2,6526901,6527348,447,60.70721602813243,21.414432056264857
2026-08-02T16:35:20.552,50.0,1,2,27.136125564575195,ON,LB 2 -> LB 1,6528898,6529348,450,60.30250125461154,20.605002509223084
2026-08-02T16:35:22.994,50.0,1,2,27.136125564575195,OFF,LB 1 -> LB 2,6531380,6531827,447,60.70721602813243,21.414432056264857
2026-08-02T16:35:25.011,50.0,1,2,27.136125564575195,ON,LB 2 -> LB 1,6533377,6533827,450,60.30250125461154,20.605002509223084
2026-08-02T16:35:27.503,50.0,1,2,27.136125564575195,OFF,LB 1 -> LB 2,6535859,6536307,448,60.5717088494982,21.1434176989964
2026-08-02T16:35:29.468,50.0,1,2,27.136125564575195,ON,LB 2 -> LB 1,6537856,6538306,450,60.30250125461154,20.605002509223084
2026-08-02T16:35:31.965,50.0,1,2,27.136125564575195,OFF,LB 1 -> LB 2,6540338,6540786,448,60.5717088494982,21.1434176989964
2026-08-02T16:35:33.951,50.0,1,2,27.136125564575195,ON,LB 2 -> LB 1,6542335,6542785,450,60.30250125461154,20.605002509223084
2026-08-02T16:35:36.439,50.0,1,2,27.136125564575195,OFF,LB 1 -> LB 2,6544817,6545265,448,60.5717088494982,21.1434176989964
2026-08-02T16:35:38.464,50.0,1,2,27.136125564575195,ON,LB 2 -> LB 1,6546814,6547264,450,60.30250125461154,20.605002509223084
2026-08-02T16:35:40.954,50.0,1,2,27.136125564575195,OFF,LB 1 -> LB 2,6549296,6549744,448,60.5717088494982,21.1434176989964
2026-08-02T16:35:42.898,50.0,1,2,27.136125564575195,ON,LB 2 -> LB 1,6551293,6551744,451,60.16879282610908,20.337585652218166
2026-08-02T16:35:45.399,50.0,1,2,27.136125564575195,OFF,LB 1 -> LB 2,6553776,6554223,447,60.70721602813243,21.414432056264857
2026-08-02T16:35:47.408,50.0,1,2,27.136125564575195,ON,LB 2 -> LB 1,6555772,6556223,451,60.16879282610908,20.337585652218166
2026-08-02T16:35:49.875,50.0,1,2,27.136125564575195,OFF,LB 1 -> LB 2,6558255,6558702,447,60.70721602813243,21.414432056264857
2026-08-02T16:35:51.886,50.0,1,2,27.136125564575195,ON,LB 2 -> LB 1,6560251,6560702,451,60.16879282610908,20.337585652218166
2026-08-02T16:35:54.370,50.0,1,2,27.136125564575195,OFF,LB 1 -> LB 2,6562734,6563181,447,60.70721602813243,21.414432056264857
2026-08-02T16:35:56.343,50.0,1,2,27.136125564575195,ON,LB 2 -> LB 1,6564730,6565181,451,60.16879282610908,20.337585652218166
2026-08-02T16:35:58.831,50.0,1,2,27.136125564575195,OFF,LB 1 -> LB 2,6567213,6567660,447,60.70721602813243,21.414432056264857
2026-08-02T16:36:00.854,50.0,1,2,27.136125564575195,ON,LB 2 -> LB 1,6569210,6569661,451,60.16879282610908,20.337585652218166
2026-08-02T16:36:19.762,100.0,1,2,27.136125564575195,OFF,LB 1 -> LB 2,6588366,6588589,223,121.68666172455245,21.68666172455245
2026-08-02T16:36:20.770,100.0,1,2,27.136125564575195,ON,LB 2 -> LB 1,6589366,6589587,221,122.7878984822407,22.787898482240706
2026-08-02T16:36:21.986,100.0,1,2,27.136125564575195,OFF,LB 1 -> LB 2,6590606,6590829,223,121.68666172455245,21.68666172455245
2026-08-02T16:36:22.989,100.0,1,2,27.136125564575195,ON,LB 2 -> LB 1,6591605,6591828,223,121.68666172455245,21.68666172455245
2026-08-02T16:36:24.232,100.0,1,2,27.136125564575195,OFF,LB 1 -> LB 2,6592845,6593069,224,121.1434176989964,21.1434176989964
2026-08-02T16:36:25.253,100.0,1,2,27.136125564575195,ON,LB 2 -> LB 1,6593844,6594067,223,121.68666172455245,21.68666172455245
2026-08-02T16:36:26.529,100.0,1,2,27.136125564575195,OFF,LB 1 -> LB 2,6595085,6595308,223,121.68666172455245,21.68666172455245
2026-08-02T16:36:27.489,100.0,1,2,27.136125564575195,ON,LB 2 -> LB 1,6596084,6596306,222,122.2347998404288,22.234799840428806
2026-08-02T16:36:28.752,100.0,1,2,27.136125564575195,OFF,LB 1 -> LB 2,6597324,6597547,223,121.68666172455245,21.68666172455245
2026-08-02T16:36:29.741,100.0,1,2,27.136125564575195,ON,LB 2 -> LB 1,6598324,6598545,221,122.7878984822407,22.787898482240706
2026-08-02T16:36:30.956,100.0,1,2,27.136125564575195,OFF,LB 1 -> LB 2,6599563,6599787,224,121.1434176989964,21.1434176989964
2026-08-02T16:36:31.943,100.0,1,2,27.136125564575195,ON,LB 2 -> LB 1,6600563,6600785,222,122.2347998404288,22.234799840428806
2026-08-02T16:36:33.193,100.0,1,2,27.136125564575195,OFF,LB 1 -> LB 2,6601803,6602027,224,121.1434176989964,21.1434176989964
2026-08-02T16:36:34.198,100.0,1,2,27.136125564575195,ON,LB 2 -> LB 1,6602803,6603025,222,122.2347998404288,22.234799840428806
2026-08-02T16:36:35.457,100.0,1,2,27.136125564575195,OFF,LB 1 -> LB 2,6604043,6604266,223,121.68666172455245,21.68666172455245
2026-08-02T16:36:36.447,100.0,1,2,27.136125564575195,ON,LB 2 -> LB 1,6605042,6605265,223,121.68666172455245,21.68666172455245
2026-08-02T16:36:37.661,100.0,1,2,27.136125564575195,OFF,LB 1 -> LB 2,6606283,6606506,223,121.68666172455245,21.68666172455245
2026-08-02T16:36:38.669,100.0,1,2,27.136125564575195,ON,LB 2 -> LB 1,6607282,6607504,222,122.2347998404288,22.234799840428806
2026-08-02T16:36:39.916,100.0,1,2,27.136125564575195,OFF,LB 1 -> LB 2,6608522,6608745,223,121.68666172455245,21.68666172455245
2026-08-02T16:36:40.924,100.0,1,2,27.136125564575195,ON,LB 2 -> LB 1,6609521,6609743,222,122.2347998404288,22.234799840428806
2026-08-02T16:36:42.166,100.0,1,2,27.136125564575195,OFF,LB 1 -> LB 2,6610761,6610985,224,121.1434176989964,21.1434176989964
2026-08-02T16:36:43.122,100.0,1,2,27.136125564575195,ON,LB 2 -> LB 1,6611761,6611983,222,122.2347998404288,22.234799840428806
2026-08-02T16:36:44.379,100.0,1,2,27.136125564575195,OFF,LB 1 -> LB 2,6613001,6613224,223,121.68666172455245,21.68666172455245
2026-08-02T16:36:45.395,100.0,1,2,27.136125564575195,ON,LB 2 -> LB 1,6614000,6614223,223,121.68666172455245,21.68666172455245
2026-08-02T16:36:46.665,100.0,1,2,27.136125564575195,OFF,LB 1 -> LB 2,6615240,6615464,224,121.1434176989964,21.1434176989964
2026-08-02T16:36:47.608,100.0,1,2,27.136125564575195,ON,LB 2 -> LB 1,6616240,6616462,222,122.2347998404288,22.234799840428806
2026-08-02T16:36:48.870,100.0,1,2,27.136125564575195,OFF,LB 1 -> LB 2,6617480,6617703,223,121.68666172455245,21.68666172455245
2026-08-02T16:36:49.872,100.0,1,2,27.136125564575195,ON,LB 2 -> LB 1,6618480,6618702,222,122.2347998404288,22.234799840428806
2026-08-02T16:36:51.118,100.0,1,2,27.136125564575195,OFF,LB 1 -> LB 2,6619719,6619943,224,121.1434176989964,21.1434176989964
2026-08-02T16:36:52.079,100.0,1,2,27.136125564575195,ON,LB 2 -> LB 1,6620719,6620941,222,122.2347998404288,22.234799840428806
2026-08-02T16:36:53.339,100.0,1,2,27.136125564575195,OFF,LB 1 -> LB 2,6621959,6622182,223,121.68666172455245,21.68666172455245
2026-08-02T16:36:54.348,100.0,1,2,27.136125564575195,ON,LB 2 -> LB 1,6622959,6623181,222,122.2347998404288,22.234799840428806
2026-08-02T16:36:55.609,100.0,1,2,27.136125564575195,OFF,LB 1 -> LB 2,6624199,6624422,223,121.68666172455245,21.68666172455245
2026-08-02T16:36:56.602,100.0,1,2,27.136125564575195,ON,LB 2 -> LB 1,6625198,6625420,222,122.2347998404288,22.234799840428806
2026-08-02T16:36:57.817,100.0,1,2,27.136125564575195,OFF,LB 1 -> LB 2,6626438,6626662,224,121.1434176989964,21.1434176989964
2026-08-02T16:36:58.808,100.0,1,2,27.136125564575195,ON,LB 2 -> LB 1,6627438,6627660,222,122.2347998404288,22.234799840428806
2026-08-02T16:37:00.037,100.0,1,2,27.136125564575195,OFF,LB 1 -> LB 2,6628678,6628901,223,121.68666172455245,21.68666172455245
2026-08-02T16:37:01.046,100.0,1,2,27.136125564575195,ON,LB 2 -> LB 1,6629677,6629900,223,121.68666172455245,21.68666172455245
2026-08-02T16:37:02.339,100.0,1,2,27.136125564575195,OFF,LB 1 -> LB 2,6630918,6631140,222,122.2347998404288,22.234799840428806
2026-08-02T16:37:03.297,100.0,1,2,27.136125564575195,ON,LB 2 -> LB 1,6631917,6632139,222,122.2347998404288,22.234799840428806
2026-08-02T16:37:04.557,100.0,1,2,27.136125564575195,OFF,LB 1 -> LB 2,6633157,6633380,223,121.68666172455245,21.68666172455245
2026-08-02T16:37:05.564,100.0,1,2,27.136125564575195,ON,LB 2 -> LB 1,6634156,6634379,223,121.68666172455245,21.68666172455245
2026-08-02T16:37:06.776,100.0,1,2,27.136125564575195,OFF,LB 1 -> LB 2,6635396,6635620,224,121.1434176989964,21.1434176989964
2026-08-02T16:37:07.766,100.0,1,2,27.136125564575195,ON,LB 2 -> LB 1,6636396,6636618,222,122.2347998404288,22.234799840428806
2026-08-02T16:37:09.026,100.0,1,2,27.136125564575195,OFF,LB 1 -> LB 2,6637636,6637859,223,121.68666172455245,21.68666172455245
2026-08-02T16:37:10.050,100.0,1,2,27.136125564575195,ON,LB 2 -> LB 1,6638635,6638857,222,122.2347998404288,22.234799840428806
2026-08-02T16:40:40.432,100.0,5,6,58.35622787475586,OFF,LB 5 -> LB 6,6848712,6849283,571,102.20004881743583,2.200048817435828
2026-08-02T16:40:41.262,100.0,5,6,58.35622787475586,ON,LB 6 -> LB 5,6849557,6850133,576,101.31289561589558,1.3128956158955845
2026-08-02T16:40:42.652,100.0,5,6,58.35622787475586,OFF,LB 5 -> LB 6,6850952,6851522,570,102.37934714869449,2.3793471486944924
2026-08-02T16:40:43.467,100.0,5,6,58.35622787475586,ON,LB 6 -> LB 5,6851795,6852375,580,100.61418599095838,0.6141859909583758
2026-08-02T16:40:44.888,100.0,5,6,58.35622787475586,OFF,LB 5 -> LB 6,6853189,6853763,574,101.66590222082903,1.6659022208290253
2026-08-02T16:40:45.783,100.0,5,6,58.35622787475586,ON,LB 6 -> LB 5,6854033,6854617,584,99.92504773074633,-0.07495226925367149
2026-08-02T16:40:47.108,100.0,5,6,58.35622787475586,OFF,LB 5 -> LB 6,6855426,6856005,579,100.78795833291167,0.7879583329116712
2026-08-02T16:40:47.951,100.0,5,6,58.35622787475586,ON,LB 6 -> LB 5,6856275,6856856,581,100.44101183262626,0.4410118326262591
2026-08-02T16:40:49.340,100.0,5,6,58.35622787475586,OFF,LB 5 -> LB 6,6857666,6858244,578,100.96233196324543,0.9623319632454325
2026-08-02T16:40:50.218,100.0,5,6,58.35622787475586,ON,LB 6 -> LB 5,6858516,6859111,595,98.0776939071527,-1.9223060928472935
2026-08-02T16:40:51.592,100.0,5,6,58.35622787475586,OFF,LB 5 -> LB 6,6859784,6860464,680,85.81798216875862,-14.182017831241382
2026-08-02T16:40:52.424,100.0,5,6,58.35622787475586,ON,LB 6 -> LB 5,6860753,6861332,579,100.78795833291167,0.7879583329116712
2026-08-02T16:40:54.118,100.0,5,6,58.35622787475586,OFF,LB 5 -> LB 6,6862148,6863010,862,67.69864022593487,-32.30135977406513
2026-08-02T16:40:57.770,100.0,5,6,58.35622787475586,ON,LB 6 -> LB 5,6863822,6866683,2861,20.397143612287962,-79.60285638771204
2026-08-02T16:41:00.197,100.0,5,6,58.35622787475586,OFF,LB 5 -> LB 6,6867963,6869080,1117,52.24371340622727,-47.75628659377273
2026-08-02T16:41:01.821,100.0,5,6,58.35622787475586,ON,LB 5 -> LB 6,6867875,6870703,2828,20.635158371554407,-79.36484162844559
2026-08-02T16:41:07.838,100.0,5,6,58.35622787475586,ON,LB 5 -> LB 6,6871716,6876750,5034,11.592417138409983,-88.40758286159001
2026-08-02T16:41:13.689,100.0,5,6,58.35622787475586,OFF,LB 6 -> LB 5,6877680,6882590,4910,11.885178793229299,-88.1148212067707
2026-08-02T16:41:15.077,100.0,5,6,58.35622787475586,ON,LB 6 -> LB 5,6879162,6883954,4792,12.177843880374763,-87.82215611962523
2026-08-02T16:41:15.252,100.0,5,6,58.35622787475586,OFF,LB 6 -> LB 5,6883820,6884161,341,171.13263306380017,71.13263306380017
2026-08-02T16:41:16.035,100.0,5,6,58.35622787475586,ON,LB 6 -> LB 5,6884281,6884884,603,96.77649730473608,-3.2235026952639174
2026-08-02T16:41:17.218,100.0,5,6,58.35622787475586,OFF,LB 5 -> LB 6,6885478,6886080,602,96.93725560590674,-3.062744394093258
2026-08-02T16:41:17.663,100.0,5,6,58.35622787475586,ON,LB 5 -> LB 6,6886196,6886522,326,179.00683397164374,79.00683397164374
2026-08-02T16:41:19.422,100.0,5,6,58.35622787475586,OFF,LB 5 -> LB 6,6887720,6888319,599,97.4227510429981,-2.577248957001899
2026-08-02T16:41:19.866,100.0,5,6,58.35622787475586,ON,LB 5 -> LB 6,6888433,6888764,331,176.30280324699655,76.30280324699655
2026-08-02T16:41:26.136,100.0,5,6,58.35622787475586,OFF,LB 5 -> LB 6,6894436,6895034,598,97.5856653424011,-2.4143346575989
2026-08-02T16:41:26.582,100.0,5,6,58.35622787475586,ON,LB 5 -> LB 6,6895155,6895480,325,179.55762423001804,79.55762423001804
2026-08-02T16:41:28.703,100.0,5,6,58.35622787475586,OFF,LB 5 -> LB 6,6896676,6897274,598,97.5856653424011,-2.4143346575989
2026-08-02T16:41:28.915,100.0,5,6,58.35622787475586,ON,LB 5 -> LB 6,6897395,6897720,325,179.55762423001804,79.55762423001804
2026-08-02T16:41:30.641,100.0,5,6,58.35622787475586,OFF,LB 5 -> LB 6,6898915,6899515,600,97.26037979125977,-2.7396202087402344
2026-08-02T16:41:31.089,100.0,5,6,58.35622787475586,ON,LB 5 -> LB 6,6899634,6899960,326,179.00683397164374,79.00683397164374
2026-08-02T16:41:32.840,100.0,5,6,58.35622787475586,OFF,LB 5 -> LB 6,6901156,6901754,598,97.5856653424011,-2.4143346575989
2026-08-02T16:41:33.288,100.0,5,6,58.35622787475586,ON,LB 5 -> LB 6,6901872,6902200,328,177.9153288864508,77.9153288864508
2026-08-02T16:41:35.125,100.0,5,6,58.35622787475586,OFF,LB 5 -> LB 6,6903396,6903993,597,97.74912541835153,-2.2508745816484748
2026-08-02T16:41:35.559,100.0,5,6,58.35622787475586,ON,LB 5 -> LB 6,6904112,6904440,328,177.9153288864508,77.9153288864508
2026-08-02T16:41:37.377,100.0,5,6,58.35622787475586,OFF,LB 5 -> LB 6,6905636,6906232,596,97.91313401804675,-2.0868659819532525
2026-08-02T16:41:37.809,100.0,5,6,58.35622787475586,ON,LB 5 -> LB 6,6906351,6906680,329,177.37455281080807,77.37455281080807
2026-08-02T16:41:39.565,100.0,5,6,58.35622787475586,OFF,LB 5 -> LB 6,6907874,6908471,597,97.74912541835153,-2.2508745816484748
2026-08-02T16:41:40.011,100.0,5,6,58.35622787475586,ON,LB 5 -> LB 6,6908592,6908919,327,178.45941246102709,78.45941246102709
2026-08-02T16:41:41.843,100.0,5,6,58.35622787475586,OFF,LB 5 -> LB 6,6910114,6910711,597,97.74912541835153,-2.2508745816484748
2026-08-02T16:41:42.274,100.0,5,6,58.35622787475586,ON,LB 5 -> LB 6,6910832,6911157,325,179.55762423001804,79.55762423001804
2026-08-02T16:41:44.049,100.0,5,6,58.35622787475586,OFF,LB 5 -> LB 6,6912353,6912951,598,97.5856653424011,-2.4143346575989
2026-08-02T16:41:44.495,100.0,5,6,58.35622787475586,ON,LB 5 -> LB 6,6913071,6913397,326,179.00683397164374,79.00683397164374
2026-08-02T16:41:46.315,100.0,5,6,58.35622787475586,OFF,LB 5 -> LB 6,6914592,6915191,599,97.4227510429981,-2.577248957001899
2026-08-02T16:41:46.763,100.0,5,6,58.35622787475586,ON,LB 5 -> LB 6,6915311,6915637,326,179.00683397164374,79.00683397164374
2026-08-02T16:41:48.532,100.0,5,6,58.35622787475586,OFF,LB 5 -> LB 6,6916832,6917431,599,97.4227510429981,-2.577248957001899
2026-08-02T16:41:48.962,100.0,5,6,58.35622787475586,ON,LB 5 -> LB 6,6917550,6917877,327,178.45941246102709,78.45941246102709
2026-08-02T16:41:50.798,100.0,5,6,58.35622787475586,OFF,LB 5 -> LB 6,6919072,6919670,598,97.5856653424011,-2.4143346575989
2026-08-02T16:41:51.245,100.0,5,6,58.35622787475586,ON,LB 5 -> LB 6,6919789,6920117,328,177.9153288864508,77.9153288864508
2026-08-02T16:41:53.003,100.0,5,6,58.35622787475586,OFF,LB 5 -> LB 6,6921312,6921909,597,97.74912541835153,-2.2508745816484748
2026-08-02T16:41:53.435,100.0,5,6,58.35622787475586,ON,LB 5 -> LB 6,6922029,6922356,327,178.45941246102709,78.45941246102709
2026-08-02T16:41:55.258,100.0,5,6,58.35622787475586,OFF,LB 5 -> LB 6,6923551,6924148,597,97.74912541835153,-2.2508745816484748
2026-08-02T16:41:55.706,100.0,5,6,58.35622787475586,ON,LB 5 -> LB 6,6924268,6924595,327,178.45941246102709,78.45941246102709
2026-08-02T16:41:57.529,100.0,5,6,58.35622787475586,OFF,LB 5 -> LB 6,6925790,6926388,598,97.5856653424011,-2.4143346575989
2026-08-02T16:41:57.913,100.0,5,6,58.35622787475586,ON,LB 5 -> LB 6,6926508,6926834,326,179.00683397164374,79.00683397164374
2026-08-02T16:41:59.731,100.0,5,6,58.35622787475586,OFF,LB 5 -> LB 6,6928030,6928628,598,97.5856653424011,-2.4143346575989
2026-08-02T16:42:00.176,100.0,5,6,58.35622787475586,ON,LB 5 -> LB 6,6928748,6929074,326,179.00683397164374,79.00683397164374
2026-08-02T16:42:01.997,100.0,5,6,58.35622787475586,OFF,LB 5 -> LB 6,6930270,6930868,598,97.5856653424011,-2.4143346575989
2026-08-02T16:42:02.444,100.0,5,6,58.35622787475586,ON,LB 5 -> LB 6,6930987,6931313,326,179.00683397164374,79.00683397164374
2026-08-02T16:42:04.220,100.0,5,6,58.35622787475586,OFF,LB 5 -> LB 6,6932509,6933107,598,97.5856653424011,-2.4143346575989
2026-08-02T16:42:04.650,100.0,5,6,58.35622787475586,ON,LB 5 -> LB 6,6933227,6933553,326,179.00683397164374,79.00683397164374
2026-08-02T16:42:06.475,100.0,5,6,58.35622787475586,OFF,LB 5 -> LB 6,6934749,6935347,598,97.5856653424011,-2.4143346575989
2026-08-02T16:42:06.906,100.0,5,6,58.35622787475586,ON,LB 5 -> LB 6,6935466,6935793,327,178.45941246102709,78.45941246102709
2026-08-02T16:42:08.727,100.0,5,6,58.35622787475586,OFF,LB 5 -> LB 6,6936989,6937586,597,97.74912541835153,-2.2508745816484748
2026-08-02T16:42:09.110,100.0,5,6,58.35622787475586,ON,LB 5 -> LB 6,6937705,6938033,328,177.9153288864508,77.9153288864508
2026-08-02T16:42:10.947,100.0,5,6,58.35622787475586,OFF,LB 5 -> LB 6,6939228,6939825,597,97.74912541835153,-2.2508745816484748
2026-08-02T16:42:11.394,100.0,5,6,58.35622787475586,ON,LB 5 -> LB 6,6939945,6940272,327,178.45941246102709,78.45941246102709
2026-08-02T16:42:13.199,100.0,5,6,58.35622787475586,OFF,LB 5 -> LB 6,6941467,6942065,598,97.5856653424011,-2.4143346575989
2026-08-02T16:42:17.659,100.0,5,6,58.35622787475586,OFF,LB 5 -> LB 6,6945946,6946544,598,97.5856653424011,-2.4143346575989
2026-08-02T16:42:18.106,100.0,5,6,58.35622787475586,ON,LB 5 -> LB 6,6946664,6946990,326,179.00683397164374,79.00683397164374
2026-08-02T16:42:19.880,100.0,5,6,58.35622787475586,OFF,LB 5 -> LB 6,6948186,6948784,598,97.5856653424011,-2.4143346575989
2026-08-02T16:42:20.324,100.0,5,6,58.35622787475586,ON,LB 5 -> LB 6,6948904,6949230,326,179.00683397164374,79.00683397164374
2026-08-02T16:42:22.160,100.0,5,6,58.35622787475586,OFF,LB 5 -> LB 6,6950425,6951023,598,97.5856653424011,-2.4143346575989
2026-08-02T16:42:22.589,100.0,5,6,58.35622787475586,ON,LB 5 -> LB 6,6951143,6951470,327,178.45941246102709,78.45941246102709
2026-08-02T16:42:24.347,100.0,5,6,58.35622787475586,OFF,LB 5 -> LB 6,6952665,6953263,598,97.5856653424011,-2.4143346575989
2026-08-02T16:42:24.842,100.0,5,6,58.35622787475586,ON,LB 5 -> LB 6,6953382,6953709,327,178.45941246102709,78.45941246102709
2026-08-02T16:42:26.633,100.0,5,6,58.35622787475586,OFF,LB 5 -> LB 6,6954905,6955502,597,97.74912541835153,-2.2508745816484748
2026-08-02T16:43:21.143,100.0,5,6,58.35622787475586,ON,LB 5 -> LB 6,6955623,7010054,54431,1.0721138298902437,-98.92788617010976
2026-08-02T16:43:43.560,15.0,5,6,58.35622787475586,OFF,LB 5 -> LB 6,7028627,7032467,3840,15.196934342384338,1.3128956158955893
2026-08-02T16:43:48.903,15.0,5,6,58.35622787475586,ON,LB 5 -> LB 6,7033407,7037806,4399,13.265794015629885,-11.561373229134103
2026-08-02T16:44:01.543,15.0,5,6,58.35622787475586,OFF,LB 5 -> LB 6,7046613,7050451,3838,15.204853536934825,1.3656902462321696
2026-08-02T16:44:06.883,15.0,5,6,58.35622787475586,ON,LB 5 -> LB 6,7051390,7055790,4400,13.262779062444514,-11.581472917036576
2026-08-02T16:44:19.518,15.0,5,6,58.35622787475586,OFF,LB 5 -> LB 6,7064597,7068435,3838,15.204853536934825,1.3656902462321696
2026-08-02T16:44:24.882,15.0,5,6,58.35622787475586,ON,LB 5 -> LB 6,7069376,7073776,4400,13.262779062444514,-11.581472917036576
2026-08-02T16:44:37.502,15.0,5,6,58.35622787475586,OFF,LB 5 -> LB 6,7082581,7086420,3839,15.20089290824586,1.3392860549724024
2026-08-02T16:44:42.821,15.0,5,6,58.35622787475586,ON,LB 5 -> LB 6,7087363,7091763,4400,13.262779062444514,-11.581472917036576
2026-08-02T16:44:56.892,15.0,5,6,58.35622787475586,OFF,LB 5 -> LB 6,7090820,7105808,14988,3.893530015662921,-74.04313322891386
2026-08-02T16:45:05.725,15.0,5,6,58.35622787475586,ON,LB 5 -> LB 6,7095619,7114671,19052,3.062997474005661,-79.58001683996227
2026-08-02T16:45:53.344,15.0,5,6,58.35622787475586,OFF,LB 5 -> LB 6,7123147,7162290,39143,1.4908470958985223,-90.06101936067653
2026-08-02T16:45:54.958,15.0,5,6,58.35622787475586,ON,LB 5 -> LB 6,7123204,7163858,40654,1.4354363131489118,-90.43042457900725
2026-08-02T16:46:16.277,15.0,5,6,58.35622787475586,OFF,LB 6 -> LB 5,7183919,7185231,1312,44.4788322216127,196.52554814408464
2026-08-02T16:46:16.709,15.0,5,6,58.35622787475586,ON,LB 6 -> LB 5,7184664,7185642,978,59.66894465721458,297.7929643814305
2026-08-02T16:46:34.345,15.0,5,6,58.35622787475586,OFF,LB 5 -> LB 6,7203121,7203255,134,435.4942378713124,2803.2949191420826
2026-08-02T16:46:36.036,15.0,5,6,58.35622787475586,ON,LB 5 -> LB 6,7203269,7205003,1734,33.65411065441514,124.36073769610094
2026-08-02T16:46:54.227,15.0,5,6,58.35622787475586,OFF,LB 6 -> LB 5,7221350,7223180,1830,31.888649111888448,112.59099407925632
2026-08-02T16:46:54.291,15.0,5,6,58.35622787475586,ON,LB 6 -> LB 5,7222310,7223204,894,65.27542267869782,335.16948452465215
2026-08-02T16:46:54.866,15.0,5,6,58.35622787475586,OFF,LB 5 -> LB 6,7223337,7223779,442,132.02766487501324,780.1844325000883
2026-08-02T16:46:58.574,15.0,5,6,58.35622787475586,ON,LB 5 -> LB 6,7223738,7227498,3760,15.520273370945707,3.46848913963805
2026-08-02T16:46:59.070,15.0,5,6,58.35622787475586,OFF,LB 6 -> LB 5,7227651,7228011,360,162.10063298543295,980.670886569553
2026-08-02T16:47:00.095,15.0,5,6,58.35622787475586,ON,LB 6 -> LB 5,7228887,7229008,121,482.28287499798233,3115.2191666532153
2026-08-02T16:47:00.527,15.0,5,6,58.35622787475586,OFF,LB 6 -> LB 5,7228787,7229493,706,82.65754656481,451.0503104320667
2026-08-02T16:47:01.836,15.0,5,6,58.35622787475586,ON,LB 6 -> LB 5,7230248,7230750,502,116.24746588596784,674.9831059064522
2026-08-02T16:47:11.863,15.0,5,6,58.35622787475586,OFF,LB 6 -> LB 5,7238653,7240799,2146,27.193023240799562,81.28682160533042
2026-08-02T16:47:11.990,15.0,5,6,58.35622787475586,ON,LB 6 -> LB 5,7239098,7240914,1816,32.13448671517393,114.22991143449286
2026-08-02T16:47:41.838,15.0,5,6,58.35622787475586,OFF,LB 6 -> LB 5,7259891,7270791,10900,5.353782373830812,-64.30811750779458
2026-08-02T16:47:41.965,15.0,5,6,58.35622787475586,ON,LB 6 -> LB 5,7270782,7270893,111,525.7317826554582,3404.8785510363887
2026-08-02T16:47:46.004,15.0,5,6,58.35622787475586,OFF,LB 6 -> LB 5,7271367,7274975,3608,16.17412080785916,7.827472052394407
2026-08-02T16:47:46.720,15.0,5,6,58.35622787475586,ON,LB 5 -> LB 6,7275422,7275655,233,250.45591362556164,1569.7060908370777
2026-08-02T16:47:49.479,15.0,5,6,58.35622787475586,OFF,LB 5 -> LB 6,7275373,7278439,3066,19.033342424904063,26.88894949936042
2026-08-02T16:47:50.036,15.0,5,6,58.35622787475586,OFF,LB 6 -> LB 5,7278659,7278992,333,175.2439275518194,1068.2928503454627
2026-08-02T16:47:55.836,15.0,5,6,58.35622787475586,ON,LB 5 -> LB 6,7279303,7284756,5453,10.701673917982003,-28.655507213453312
2026-08-02T16:48:20.154,15.0,5,6,58.35622787475586,ON,LB 6 -> LB 5,7294162,7309132,14970,3.898211614880151,-74.01192256746566
2026-08-02T16:49:11.621,15.0,5,6,58.35622787475586,OFF,LB 5 -> LB 6,7355848,7360564,4716,12.374094121025415,-17.5060391931639
2026-08-02T16:49:14.807,15.0,5,6,58.35622787475586,ON,LB 5 -> LB 6,7356889,7363780,6891,8.468470160318656,-43.54353226454229
2026-08-02T16:50:33.413,15.0,5,6,58.35622787475586,OFF,LB 6 -> LB 5,7432003,7442368,10365,5.630123287482475,-62.46584475011683
2026-08-02T16:50:33.476,15.0,5,6,58.35622787475586,ON,LB 6 -> LB 5,7433109,7442469,9360,6.23463973020896,-58.43573513194027
2026-08-02T16:51:03.526,15.0,5,6,58.35622787475586,OFF,LB 6 -> LB 5,7445094,7472483,27389,2.1306447068076912,-85.7957019546154
2026-08-02T16:51:03.654,15.0,5,6,58.35622787475586,ON,LB 6 -> LB 5,7451818,7472624,20806,2.804778807784094,-81.3014746147727
2026-08-02T16:51:04.660,15.0,5,6,58.35622787475586,OFF,LB 6 -> LB 5,7473203,7473622,419,139.2750068609925,828.50004573995
2026-08-02T16:51:04.787,15.0,5,6,58.35622787475586,ON,LB 6 -> LB 5,7473387,7473761,374,156.0326948522884,940.2179656819225
2026-08-02T16:51:07.526,15.0,5,6,58.35622787475586,OFF,LB 5 -> LB 6,7476315,7476493,178,327.8439768244711,2085.6265121631404
2026-08-02T16:51:07.590,15.0,5,6,58.35622787475586,ON,LB 5 -> LB 6,7476404,7476556,152,383.92255180760435,2459.483678717362
2026-08-02T16:51:11.047,15.0,5,6,58.35622787475586,OFF,LB 6 -> LB 5,7479019,7480012,993,58.767601082332185,291.7840072155479
2026-08-02T16:51:11.302,15.0,5,6,58.35622787475586,ON,LB 6 -> LB 5,7479155,7480255,1100,53.051116249778055,253.67410833185372
2026-08-02T16:51:13.229,15.0,5,6,58.35622787475586,OFF,LB 5 -> LB 6,7480833,7482193,1360,42.90899108437931,186.05994056252874
2026-08-02T16:51:13.532,15.0,5,6,58.35622787475586,ON,LB 5 -> LB 6,7480889,7482508,1619,36.04461264654469,140.2974176436313
2026-08-02T16:51:14.927,15.0,5,6,58.35622787475586,OFF,LB 6 -> LB 5,7483558,7483925,367,159.00879529906229,960.0586353270819
2026-08-02T16:51:14.991,15.0,5,6,58.35622787475586,ON,LB 6 -> LB 5,7483698,7483996,298,195.8262680360935,1205.5084535739566
2026-08-02T17:01:17.106,15.0,5,6,58.35622787475586,OFF,LB 5 -> LB 6,8085961,8086197,236,247.27215201167738,1548.4810134111826
2026-08-02T17:01:17.233,15.0,5,6,58.35622787475586,ON,LB 5 -> LB 6,8086145,8086305,160,364.7264242172241,2331.509494781494
2026-08-02T17:01:19.613,15.0,5,6,58.35622787475586,OFF,LB 6 -> LB 5,8088436,8088718,282,206.9369782792761,1279.579855195174
2026-08-02T17:01:19.676,15.0,5,6,58.35622787475586,ON,LB 6 -> LB 5,8088529,8088765,236,247.27215201167738,1548.4810134111826
2026-08-02T17:01:20.550,15.0,5,6,58.35622787475586,OFF,LB 5 -> LB 6,8089496,8089680,184,317.1534123628036,2014.3560824186907
2026-08-02T17:01:20.678,15.0,5,6,58.35622787475586,ON,LB 5 -> LB 6,8089592,8089794,202,288.8922172017617,1825.9481146784115
2026-08-02T17:01:21.682,15.0,5,6,58.35622787475586,OFF,LB 6 -> LB 5,8089825,8090760,935,62.41307794091536,316.08718627276903
2026-08-02T17:01:44.617,15.0,5,6,58.35622787475586,ON,LB 6 -> LB 5,8089921,8113744,23823,2.4495751112267916,-83.66949925848805
2026-08-02T17:02:08.638,15.0,5,6,58.35622787475586,OFF,LB 5 -> LB 6,8132866,8137723,4857,12.014870882181565,-19.90086078545623
2026-08-02T17:02:08.828,15.0,5,6,58.35622787475586,ON,LB 5 -> LB 6,8133732,8137963,4231,13.792537904692947,-8.049747302047017
2026-08-02T17:02:09.321,15.0,5,6,58.35622787475586,OFF,LB 5 -> LB 6,8137919,8138416,497,117.4169574944786,682.7797166298573
2026-08-02T17:02:09.447,15.0,5,6,58.35622787475586,ON,LB 5 -> LB 6,8138131,8138565,434,134.4613545501287,796.4090303341914
2026-08-02T17:02:19.134,15.0,5,6,58.35622787475586,OFF,LB 6 -> LB 5,8147966,8148248,282,206.9369782792761,1279.579855195174
2026-08-02T17:02:19.245,15.0,5,6,58.35622787475586,ON,LB 6 -> LB 5,8147884,8148387,503,116.0163576038884,673.4423840259226
2026-08-02T17:02:21.469,15.0,5,6,58.35622787475586,OFF,LB 6 -> LB 5,8149894,8150568,674,86.58194046699683,477.2129364466455
2026-08-02T17:02:23.111,15.0,5,6,58.35622787475586,ON,LB 6 -> LB 5,8151962,8152214,252,231.57233283633278,1443.8155522422185
2026-08-02T17:02:26.860,15.0,5,6,58.35622787475586,OFF,LB 6 -> LB 5,8155567,8155978,411,141.9859558996493,846.5730393309952
2026-08-02T17:03:42.974,15.0,5,6,58.35622787475586,OFF,LB 5 -> LB 6,8174795,8232097,57302,1.0183977500742707,-93.21068166617152
2026-08-02T17:03:43.038,15.0,5,6,58.35622787475586,ON,LB 5 -> LB 6,8174834,8232194,57360,1.0173679894483239,-93.21754673701118
2026-08-02T17:05:32.083,15.0,5,6,58.35622787475586,OFF,LB 6 -> LB 5,8340932,8341248,316,184.6716071985945,1131.14404799063
2026-08-02T17:05:32.211,15.0,5,6,58.35622787475586,ON,LB 6 -> LB 5,8341079,8341332,253,230.65702717294806,1437.7135144863205
2026-08-02T17:34:52.214,15.0,1,2,22.34000015258789,OFF,LB 1 -> LB 2,10100383,10101681,1298,17.211094108311165,14.740627388741103
2026-08-02T17:34:56.997,15.0,1,2,22.34000015258789,ON,LB 1 -> LB 2,10105318,10106475,1157,19.30855674380976,28.7237116253984
2026-08-02T17:35:00.013,15.0,1,2,22.34000015258789,OFF,LB 2 -> LB 1,10108323,10109486,1163,19.208942521571704,28.059616810478023
2026-08-02T17:35:04.969,15.0,1,2,22.34000015258789,ON,LB 2 -> LB 1,10113064,10114425,1361,16.414401287720715,9.429341918138096
2026-08-02T17:35:10.275,15.0,1,2,22.34000015258789,OFF,LB 1 -> LB 2,10118373,10119739,1366,16.354319291792013,9.028795278613421
2026-08-02T17:35:28.242,15.0,1,2,22.34000015258789,OFF,LB 1 -> LB 2,10136361,10137725,1364,16.37829923210256,9.188661547350398
2026-08-02T17:35:32.953,15.0,1,2,22.34000015258789,ON,LB 1 -> LB 2,10141283,10142433,1150,19.426087089206863,29.50724726137909
2026-08-02T17:35:35.970,15.0,1,2,22.34000015258789,OFF,LB 2 -> LB 1,10144301,10145463,1162,19.225473453173745,28.169823021158297
2026-08-02T17:35:40.883,15.0,1,2,22.34000015258789,ON,LB 2 -> LB 1,10149026,10150389,1363,16.390315592507623,9.268770616717486
2026-08-02T17:35:46.257,15.0,1,2,22.34000015258789,OFF,LB 1 -> LB 2,10154345,10155711,1366,16.354319291792013,9.028795278613421
2026-08-02T17:35:50.916,15.0,1,2,22.34000015258789,ON,LB 1 -> LB 2,10159269,10160419,1150,19.426087089206863,29.50724726137909
2026-08-02T17:35:53.985,15.0,1,2,22.34000015258789,OFF,LB 2 -> LB 1,10162285,10163447,1162,19.225473453173745,28.169823021158297
2026-08-02T17:35:58.903,15.0,1,2,22.34000015258789,ON,LB 2 -> LB 1,10167014,10168374,1360,16.426470700432272,9.509804669548481
2026-08-02T17:36:04.221,15.0,1,2,22.34000015258789,OFF,LB 1 -> LB 2,10172329,10173697,1368,16.330409468266,8.869396455106676
2026-08-02T17:36:08.910,15.0,1,2,22.34000015258789,ON,LB 1 -> LB 2,10177256,10178403,1147,19.47689638412196,29.845975894146402
2026-08-02T17:36:11.929,15.0,1,2,22.34000015258789,OFF,LB 2 -> LB 1,10180268,10181434,1166,19.159519856421863,27.73013237614575
2026-08-02T17:36:16.877,15.0,1,2,22.34000015258789,ON,LB 2 -> LB 1,10184997,10186358,1361,16.414401287720715,9.429341918138096
2026-08-02T17:36:22.194,15.0,1,2,22.34000015258789,OFF,LB 1 -> LB 2,10190314,10191683,1369,16.318480754264346,8.789871695095641
2026-08-02T17:36:26.926,15.0,1,2,22.34000015258789,ON,LB 1 -> LB 2,10195238,10196385,1147,19.47689638412196,29.845975894146402
2026-08-02T17:36:29.897,15.0,1,2,22.34000015258789,OFF,LB 2 -> LB 1,10198257,10199419,1162,19.225473453173745,28.169823021158297
2026-08-02T17:36:34.847,15.0,1,2,22.34000015258789,ON,LB 2 -> LB 1,10202980,10204341,1361,16.414401287720715,9.429341918138096
2026-08-02T17:36:40.193,15.0,1,2,22.34000015258789,OFF,LB 1 -> LB 2,10208299,10209664,1365,16.366300478086366,9.108669853909106
2026-08-02T17:36:44.874,15.0,1,2,22.34000015258789,ON,LB 1 -> LB 2,10213224,10214373,1149,19.442994040546466,29.619960270309775
2026-08-02T17:36:47.918,15.0,1,2,22.34000015258789,OFF,LB 2 -> LB 1,10216242,10217402,1160,19.25862082119646,28.39080547464306
2026-08-02T17:36:52.824,15.0,1,2,22.34000015258789,ON,LB 2 -> LB 1,10220967,10222328,1361,16.414401287720715,9.429341918138096
2026-08-02T17:36:58.172,15.0,1,2,22.34000015258789,OFF,LB 1 -> LB 2,10226283,10227649,1366,16.354319291792013,9.028795278613421
2026-08-02T17:37:02.902,15.0,1,2,22.34000015258789,ON,LB 1 -> LB 2,10231210,10232360,1150,19.426087089206863,29.50724726137909
2026-08-02T17:37:05.897,15.0,1,2,22.34000015258789,OFF,LB 2 -> LB 1,10234225,10235387,1162,19.225473453173745,28.169823021158297
2026-08-02T17:37:10.805,15.0,1,2,22.34000015258789,ON,LB 2 -> LB 1,10238952,10240314,1362,16.40234959808215,9.348997320547667
2026-08-02T17:37:16.167,15.0,1,2,22.34000015258789,OFF,LB 1 -> LB 2,10244270,10245636,1366,16.354319291792013,9.028795278613421
2026-08-02T17:37:20.877,15.0,1,2,22.34000015258789,ON,LB 1 -> LB 2,10249194,10250344,1150,19.426087089206863,29.50724726137909
2026-08-02T17:37:23.882,15.0,1,2,22.34000015258789,OFF,LB 2 -> LB 1,10252210,10253370,1160,19.25862082119646,28.39080547464306
2026-08-02T17:37:28.816,15.0,1,2,22.34000015258789,ON,LB 2 -> LB 1,10256939,10258299,1360,16.426470700432272,9.509804669548481
2026-08-02T17:37:34.096,15.0,1,2,22.34000015258789,OFF,LB 1 -> LB 2,10262255,10263621,1366,16.354319291792013,9.028795278613421
2026-08-02T17:37:38.836,15.0,1,2,22.34000015258789,ON,LB 1 -> LB 2,10267177,10268323,1146,19.493891930704965,29.9592795380331
2026-08-02T17:37:41.873,15.0,1,2,22.34000015258789,OFF,LB 2 -> LB 1,10270197,10271359,1162,19.225473453173745,28.169823021158297
2026-08-02T17:37:46.803,15.0,1,2,22.34000015258789,ON,LB 2 -> LB 1,10274918,10276282,1364,16.37829923210256,9.188661547350398
2026-08-02T17:37:52.108,15.0,1,2,22.34000015258789,OFF,LB 1 -> LB 2,10280241,10281604,1363,16.390315592507623,9.268770616717486
2026-08-02T17:47:28.682,15.0,1,2,22.34000015258789,OFF,LB 1 -> LB 2,10856893,10858285,1392,16.048850684330382,6.992337895535883
2026-08-02T17:47:33.476,15.0,1,2,22.34000015258789,ON,LB 1 -> LB 2,10861609,10863064,1455,15.353951994905767,2.359679966038447
2026-08-02T17:47:36.158,15.0,1,2,22.34000015258789,OFF,LB 2 -> LB 1,10864898,10865764,866,25.79676691984745,71.97844613231634
2026-08-02T17:47:40.562,15.0,1,2,22.34000015258789,ON,LB 2 -> LB 1,10869722,10870168,446,50.08968644078002,233.9312429385335
2026-08-02T17:47:43.766,15.0,1,2,22.34000015258789,OFF,LB 1 -> LB 2,10870774,10873394,2620,8.526717615491561,-43.15521589672293
2026-08-02T17:47:43.830,15.0,1,2,22.34000015258789,ON,LB 1 -> LB 2,10871297,10873432,2135,10.463700305661776,-30.241997962254825
2026-08-02T17:47:45.209,15.0,1,2,22.34000015258789,OFF,LB 2 -> LB 1,10873716,10874849,1133,19.717564124084635,31.45042749389757
2026-08-02T17:47:45.826,15.0,1,2,22.34000015258789,ON,LB 2 -> LB 1,10874196,10875432,1236,18.074433780410914,20.496225202739424
2026-08-02T17:47:46.574,15.0,1,2,22.34000015258789,OFF,LB 1 -> LB 2,10875537,10876219,682,32.75659846420512,118.3773230947008
2026-08-02T17:47:51.418,15.0,1,2,22.34000015258789,ON,LB 1 -> LB 2,10879568,10881038,1470,15.197279015365911,1.3151934357727413
2026-08-02T17:48:04.585,15.0,1,2,22.34000015258789,OFF,LB 1 -> LB 2,10892834,10894211,1377,16.223674765859034,8.157831772393559
2026-08-02T17:48:09.417,15.0,1,2,22.34000015258789,ON,LB 1 -> LB 2,10897552,10899029,1477,15.125253996335742,0.8350266422382784
2026-08-02T17:48:12.753,15.0,1,2,22.34000015258789,OFF,LB 2 -> LB 1,10900871,10902356,1485,15.043771146523833,0.2918076434922175
2026-08-02T17:48:17.461,15.0,1,2,22.34000015258789,ON,LB 2 -> LB 1,10905688,10907072,1384,16.141618607361192,7.610790715741279
2026-08-02T17:48:22.552,15.0,1,2,22.34000015258789,OFF,LB 1 -> LB 2,10910820,10912198,1378,16.211901416972346,8.079342779815638
2026-08-02T17:48:27.381,15.0,1,2,22.34000015258789,ON,LB 1 -> LB 2,10915541,10917021,1480,15.094594697694522,0.630631317963477
2026-08-02T17:48:30.704,15.0,1,2,22.34000015258789,OFF,LB 2 -> LB 1,10918858,10920341,1483,15.064059442068706,0.42706294712470344
2026-08-02T17:48:35.456,15.0,1,2,22.34000015258789,ON,LB 2 -> LB 1,10923676,10925055,1379,16.20014514328346,8.000967621889737
2026-08-02T17:48:40.569,15.0,1,2,22.34000015258789,OFF,LB 1 -> LB 2,10928805,10930185,1380,16.188405907672383,7.92270605114922
2026-08-02T17:48:45.398,15.0,1,2,22.34000015258789,ON,LB 1 -> LB 2,10933527,10935005,1478,15.115020400939033,0.7668026729268836
2026-08-02T17:48:48.721,15.0,1,2,22.34000015258789,OFF,LB 2 -> LB 1,10936844,10938325,1481,15.084402533820318,0.5626835588021232
2026-08-02T17:48:53.425,15.0,1,2,22.34000015258789,ON,LB 2 -> LB 1,10941662,10943038,1376,16.23546522717143,8.236434847809543
2026-08-02T17:48:58.557,15.0,1,2,22.34000015258789,OFF,LB 1 -> LB 2,10946790,10948171,1381,16.17668367312664,7.844557820844263
2026-08-02T17:49:03.386,15.0,1,2,22.34000015258789,ON,LB 1 -> LB 2,10951510,10952989,1479,15.104800644075652,0.6986709605043492
2026-08-02T17:49:06.703,15.0,1,2,22.34000015258789,OFF,LB 2 -> LB 1,10954829,10956314,1485,15.043771146523833,0.2918076434922175
2026-08-02T17:49:11.431,15.0,1,2,22.34000015258789,ON,LB 2 -> LB 1,10959644,10961033,1389,16.08351342878898,7.223422858593195
2026-08-02T17:49:16.493,15.0,1,2,22.34000015258789,OFF,LB 1 -> LB 2,10964776,10966156,1380,16.188405907672383,7.92270605114922
2026-08-02T17:49:21.329,15.0,1,2,22.34000015258789,ON,LB 1 -> LB 2,10969496,10970973,1477,15.125253996335742,0.8350266422382784
2026-08-02T17:49:24.671,15.0,1,2,22.34000015258789,OFF,LB 2 -> LB 1,10972814,10974302,1488,15.01344096276068,0.08960641840452865
2026-08-02T17:49:29.350,15.0,1,2,22.34000015258789,ON,LB 2 -> LB 1,10977628,10979017,1389,16.08351342878898,7.223422858593195
2026-08-02T17:49:34.496,15.0,1,2,22.34000015258789,OFF,LB 1 -> LB 2,10982762,10984142,1380,16.188405907672383,7.92270605114922
2026-08-02T17:49:39.315,15.0,1,2,22.34000015258789,ON,LB 1 -> LB 2,10987481,10988959,1478,15.115020400939033,0.7668026729268836
2026-08-02T17:49:42.648,15.0,1,2,22.34000015258789,OFF,LB 2 -> LB 1,10990800,10992289,1489,15.003358060838073,0.02238707225381849
2026-08-02T17:49:47.369,15.0,1,2,22.34000015258789,ON,LB 2 -> LB 1,10995613,10997004,1391,16.060388319617463,7.069255464116418
2026-08-02T17:49:52.457,15.0,1,2,22.34000015258789,OFF,LB 1 -> LB 2,11000747,11002128,1381,16.17668367312664,7.844557820844263
2026-08-02T17:49:57.291,15.0,1,2,22.34000015258789,ON,LB 1 -> LB 2,11005463,11006941,1478,15.115020400939033,0.7668026729268836
2026-08-02T17:50:00.607,15.0,1,2,22.34000015258789,OFF,LB 2 -> LB 1,11008778,11010221,1443,15.481635587378996,3.210903915859973
2026-08-02T17:50:05.530,15.0,1,2,22.34000015258789,ON,LB 2 -> LB 1,11011782,11015174,3392,6.586084950645015,-56.092766995699904
2026-08-02T17:50:08.896,15.0,1,2,22.34000015258789,OFF,LB 2 -> LB 1,11011049,11018525,7476,2.9882290198753196,-80.0784732008312
2026-08-02T17:50:14.015,15.0,1,2,22.34000015258789,ON,LB 2 -> LB 1,11023167,11023650,483,46.252588307635385,208.35058871756922
2026-08-02T17:50:18.428,15.0,1,2,22.34000015258789,OFF,LB 2 -> LB 1,11026734,11028048,1314,17.001522186139947,13.343481240932983
2026-08-02T17:50:23.194,15.0,1,2,22.34000015258789,ON,LB 2 -> LB 1,11027142,11032850,5708,3.913805212436561,-73.90796525042292
2026-08-02T17:50:28.619,15.0,1,2,22.34000015258789,OFF,LB 1 -> LB 2,11036788,11038260,1472,15.176630538442861,1.1775369229524082
2026-08-02T17:50:33.391,15.0,1,2,22.34000015258789,ON,LB 1 -> LB 2,11041508,11043071,1563,14.293026329230896,-4.713157805127359
2026-08-02T17:50:36.551,15.0,1,2,22.34000015258789,OFF,LB 2 -> LB 1,11044588,11046169,1581,14.130297376715934,-5.7980174885604425
2026-08-02T17:50:41.239,15.0,1,2,22.34000015258789,ON,LB 2 -> LB 1,11049411,11050887,1476,15.13550145839288,0.9033430559525376
2026-08-02T17:52:24.728,25.0,1,2,22.34000015258789,OFF,LB 1 -> LB 2,11153508,11154397,889,25.129359001786153,0.5174360071446102
2026-08-02T17:52:27.623,25.0,1,2,22.34000015258789,ON,LB 1 -> LB 2,11156348,11157287,939,23.791267468144717,-4.834930127421131
2026-08-02T17:52:30.770,25.0,1,2,22.34000015258789,OFF,LB 2 -> LB 1,11159486,11160432,946,23.615222148612993,-5.539111405548027
2026-08-02T17:52:33.612,25.0,1,2,22.34000015258789,ON,LB 2 -> LB 1,11162378,11163281,903,24.739756536642183,-1.040973853431268
2026-08-02T17:52:36.786,25.0,1,2,22.34000015258789,OFF,LB 1 -> LB 2,11165596,11166480,884,25.27149338528042,1.0859735411216747
2026-08-02T17:52:39.676,25.0,1,2,22.34000015258789,ON,LB 1 -> LB 2,11168430,11169371,941,23.74070154366407,-5.037193825343721
2026-08-02T17:52:42.837,25.0,1,2,22.34000015258789,OFF,LB 2 -> LB 1,11171569,11172517,948,23.565401004839547,-5.738395980641812
2026-08-02T17:52:45.690,25.0,1,2,22.34000015258789,ON,LB 2 -> LB 1,11174465,11175358,893,25.016797483301108,0.0671899332044319
2026-08-02T17:52:48.890,25.0,1,2,22.34000015258789,OFF,LB 1 -> LB 2,11177681,11178566,885,25.242938025523042,0.9717521020921681
2026-08-02T17:52:51.763,25.0,1,2,22.34000015258789,ON,LB 1 -> LB 2,11180515,11181458,943,23.690350108788856,-5.238599564844577
2026-08-02T17:52:54.944,25.0,1,2,22.34000015258789,OFF,LB 2 -> LB 1,11183655,11184606,951,23.491062200407878,-6.035751198368487
2026-08-02T17:52:57.762,25.0,1,2,22.34000015258789,ON,LB 2 -> LB 1,11186553,11187430,877,25.47320427889155,1.8928171155662028
2026-08-02T17:53:06.176,25.0,1,2,22.34000015258789,OFF,LB 1 -> LB 2,11194667,11195823,1156,19.32525964756738,-22.698961409730487
2026-08-02T17:53:09.255,25.0,1,2,22.34000015258789,ON,LB 1 -> LB 2,11197793,11198937,1144,19.527972161353052,-21.888111354587792
2026-08-02T17:53:36.208,25.0,1,2,22.34000015258789,OFF,LB 2 -> LB 1,11206687,11225904,19217,1.1625123667891915,-95.34995053284324
2026-08-02T17:54:02.402,25.0,1,2,22.34000015258789,OFF,LB 1 -> LB 2,11251149,11252083,934,23.91862971369153,-4.32548114523388
2026-08-02T17:54:07.057,25.0,1,2,22.34000015258789,ON,LB 1 -> LB 2,11254008,11256746,2738,8.159240377132173,-67.36303849147131
2026-08-02T17:54:11.149,25.0,1,2,22.34000015258789,OFF,LB 1 -> LB 2,11259926,11260859,933,23.944265972763013,-4.222936108947948
2026-08-02T17:54:15.813,25.0,1,2,22.34000015258789,ON,LB 1 -> LB 2,11262781,11265522,2741,8.150310161469497,-67.398759354122
2026-08-02T17:54:19.942,25.0,1,2,22.34000015258789,OFF,LB 1 -> LB 2,11268700,11269633,933,23.944265972763013,-4.222936108947948
2026-08-02T17:54:50.948,25.0,1,2,22.34000015258789,ON,LB 1 -> LB 2,11280710,11300610,19900,1.1226130729943664,-95.50954770802254
2026-08-02T17:55:00.574,25.0,1,2,22.34000015258789,OFF,LB 1 -> LB 2,11309331,11310271,940,23.765957609136056,-4.936169563455778
2026-08-02T17:55:05.071,25.0,1,2,22.34000015258789,ON,LB 2 -> LB 1,11313805,11314747,942,23.715499100411773,-5.13800359835291
2026-08-02T17:55:08.218,25.0,1,2,22.34000015258789,OFF,LB 1 -> LB 2,11316985,11317926,941,23.74070154366407,-5.037193825343721
2026-08-02T17:55:12.716,25.0,1,2,22.34000015258789,ON,LB 2 -> LB 1,11321458,11322401,943,23.690350108788856,-5.238599564844577
2026-08-02T17:55:15.857,25.0,1,2,22.34000015258789,OFF,LB 1 -> LB 2,11324639,11325579,940,23.765957609136056,-4.936169563455778
2026-08-02T17:55:20.371,25.0,1,2,22.34000015258789,ON,LB 2 -> LB 1,11329112,11330057,945,23.64021180168031,-5.439152793278765
2026-08-02T17:55:23.515,25.0,1,2,22.34000015258789,OFF,LB 1 -> LB 2,11332293,11333232,939,23.791267468144717,-4.834930127421131
2026-08-02T17:55:27.985,25.0,1,2,22.34000015258789,ON,LB 2 -> LB 1,11336766,11337708,942,23.715499100411773,-5.13800359835291
2026-08-02T17:55:31.197,25.0,1,2,22.34000015258789,OFF,LB 1 -> LB 2,11339946,11340886,940,23.765957609136056,-4.936169563455778
2026-08-02T17:55:35.632,25.0,1,2,22.34000015258789,ON,LB 2 -> LB 1,11344419,11345362,943,23.690350108788856,-5.238599564844577
2026-08-02T17:55:38.840,25.0,1,2,22.34000015258789,OFF,LB 1 -> LB 2,11347599,11348539,940,23.765957609136056,-4.936169563455778
2026-08-02T17:55:43.320,25.0,1,2,22.34000015258789,ON,LB 2 -> LB 1,11352072,11353016,944,23.66525439892785,-5.3389824042886005
2026-08-02T17:55:46.469,25.0,1,2,22.34000015258789,OFF,LB 1 -> LB 2,11355253,11356193,940,23.765957609136056,-4.936169563455778
2026-08-02T17:55:50.935,25.0,1,2,22.34000015258789,ON,LB 2 -> LB 1,11359726,11360669,943,23.690350108788856,-5.238599564844577
2026-08-02T17:55:54.147,25.0,1,2,22.34000015258789,OFF,LB 1 -> LB 2,11362906,11363847,941,23.74070154366407,-5.037193825343721
2026-08-02T17:55:58.597,25.0,1,2,22.34000015258789,ON,LB 2 -> LB 1,11367379,11368322,943,23.690350108788856,-5.238599564844577
2026-08-02T17:56:01.799,25.0,1,2,22.34000015258789,OFF,LB 1 -> LB 2,11370560,11371500,940,23.765957609136056,-4.936169563455778
2026-08-02T17:56:06.281,25.0,1,2,22.34000015258789,ON,LB 2 -> LB 1,11375033,11375978,945,23.64021180168031,-5.439152793278765
2026-08-02T17:56:09.468,25.0,1,2,22.34000015258789,OFF,LB 1 -> LB 2,11378213,11379153,940,23.765957609136056,-4.936169563455778
2026-08-02T17:56:13.926,25.0,1,2,22.34000015258789,ON,LB 2 -> LB 1,11382687,11383630,943,23.690350108788856,-5.238599564844577
2026-08-02T17:56:17.100,25.0,1,2,22.34000015258789,OFF,LB 1 -> LB 2,11385867,11386807,940,23.765957609136056,-4.936169563455778
2026-08-02T17:56:21.553,25.0,1,2,22.34000015258789,ON,LB 2 -> LB 1,11390340,11391283,943,23.690350108788856,-5.238599564844577
2026-08-02T17:56:24.742,25.0,1,2,22.34000015258789,OFF,LB 1 -> LB 2,11393522,11394461,939,23.791267468144717,-4.834930127421131
2026-08-02T17:56:29.215,25.0,1,2,22.34000015258789,ON,LB 2 -> LB 1,11397994,11398936,942,23.715499100411773,-5.13800359835291
2026-08-02T17:56:32.377,25.0,1,2,22.34000015258789,OFF,LB 1 -> LB 2,11401174,11402114,940,23.765957609136056,-4.936169563455778
2026-08-02T17:56:36.883,25.0,1,2,22.34000015258789,ON,LB 2 -> LB 1,11405647,11406590,943,23.690350108788856,-5.238599564844577
2026-08-02T17:56:40.028,25.0,1,2,22.34000015258789,OFF,LB 1 -> LB 2,11408828,11409768,940,23.765957609136056,-4.936169563455778
2026-08-02T17:56:44.500,25.0,1,2,22.34000015258789,ON,LB 2 -> LB 1,11413301,11414244,943,23.690350108788856,-5.238599564844577
2026-08-02T17:56:47.698,25.0,1,2,22.34000015258789,OFF,LB 1 -> LB 2,11416481,11417421,940,23.765957609136056,-4.936169563455778
2026-08-02T17:56:52.156,25.0,1,2,22.34000015258789,ON,LB 2 -> LB 1,11420954,11421897,943,23.690350108788856,-5.238599564844577
2026-08-02T17:56:55.367,25.0,1,2,22.34000015258789,OFF,LB 1 -> LB 2,11424135,11425075,940,23.765957609136056,-4.936169563455778
2026-08-02T17:56:59.856,25.0,1,2,22.34000015258789,ON,LB 2 -> LB 1,11428607,11429551,944,23.66525439892785,-5.3389824042886005
2026-08-02T17:57:02.993,25.0,1,2,22.34000015258789,OFF,LB 1 -> LB 2,11431788,11432728,940,23.765957609136056,-4.936169563455778
2026-08-02T17:57:07.499,25.0,1,2,22.34000015258789,ON,LB 2 -> LB 1,11436261,11437204,943,23.690350108788856,-5.238599564844577
2026-08-02T17:57:10.670,25.0,1,2,22.34000015258789,OFF,LB 1 -> LB 2,11439442,11440382,940,23.765957609136056,-4.936169563455778
2026-08-02T17:57:15.135,25.0,1,2,22.34000015258789,ON,LB 2 -> LB 1,11443915,11444857,942,23.715499100411773,-5.13800359835291
2026-08-02T17:57:18.334,25.0,1,2,22.34000015258789,OFF,LB 1 -> LB 2,11447095,11448035,940,23.765957609136056,-4.936169563455778
2026-08-02T17:57:22.770,25.0,1,2,22.34000015258789,ON,LB 2 -> LB 1,11451568,11452510,942,23.715499100411773,-5.13800359835291
2026-08-02T17:57:25.975,25.0,1,2,22.34000015258789,OFF,LB 1 -> LB 2,11454749,11455689,940,23.765957609136056,-4.936169563455778
2026-08-02T17:57:30.427,25.0,1,2,22.34000015258789,ON,LB 2 -> LB 1,11459222,11460167,945,23.64021180168031,-5.439152793278765
2026-08-02T17:57:33.589,25.0,1,2,22.34000015258789,OFF,LB 1 -> LB 2,11462402,11463342,940,23.765957609136056,-4.936169563455778
2026-08-02T17:57:38.099,25.0,1,2,22.34000015258789,ON,LB 2 -> LB 1,11466875,11467819,944,23.66525439892785,-5.3389824042886005
2026-08-02T17:57:41.277,25.0,1,2,22.34000015258789,OFF,LB 1 -> LB 2,11470055,11470996,941,23.74070154366407,-5.037193825343721
2026-08-02T17:57:45.745,25.0,1,2,22.34000015258789,ON,LB 2 -> LB 1,11474529,11475472,943,23.690350108788856,-5.238599564844577
2026-08-02T17:57:48.920,25.0,1,2,22.34000015258789,OFF,LB 1 -> LB 2,11477709,11478649,940,23.765957609136056,-4.936169563455778
2026-08-02T17:57:53.402,25.0,1,2,22.34000015258789,ON,LB 2 -> LB 1,11482182,11483126,944,23.66525439892785,-5.3389824042886005
2026-08-02T17:57:56.614,25.0,1,2,22.34000015258789,OFF,LB 1 -> LB 2,11485363,11486303,940,23.765957609136056,-4.936169563455778
2026-08-02T17:58:01.059,25.0,1,2,22.34000015258789,ON,LB 2 -> LB 1,11489836,11490779,943,23.690350108788856,-5.238599564844577
2026-08-02T17:58:04.225,25.0,1,2,22.34000015258789,OFF,LB 1 -> LB 2,11493016,11493957,941,23.74070154366407,-5.037193825343721
2026-08-02T17:58:08.718,25.0,1,2,22.34000015258789,ON,LB 2 -> LB 1,11497489,11498432,943,23.690350108788856,-5.238599564844577
2026-08-02T17:58:11.863,25.0,1,2,22.34000015258789,OFF,LB 1 -> LB 2,11500670,11501610,940,23.765957609136056,-4.936169563455778
2026-08-02T17:58:16.338,25.0,1,2,22.34000015258789,ON,LB 2 -> LB 1,11505143,11506086,943,23.690350108788856,-5.238599564844577
2026-08-02T17:58:19.532,25.0,1,2,22.34000015258789,OFF,LB 1 -> LB 2,11508323,11509263,940,23.765957609136056,-4.936169563455778
2026-08-02T17:58:24.053,25.0,1,2,22.34000015258789,ON,LB 2 -> LB 1,11512797,11513740,943,23.690350108788856,-5.238599564844577
2026-08-02T17:58:27.185,25.0,1,2,22.34000015258789,OFF,LB 1 -> LB 2,11515977,11516917,940,23.765957609136056,-4.936169563455778
2026-08-02T17:58:31.662,25.0,1,2,22.34000015258789,ON,LB 2 -> LB 1,11520450,11521393,943,23.690350108788856,-5.238599564844577
2026-08-02T17:58:34.813,25.0,1,2,22.34000015258789,OFF,LB 1 -> LB 2,11523630,11524570,940,23.765957609136056,-4.936169563455778
2026-08-02T17:58:39.288,25.0,1,2,22.34000015258789,ON,LB 2 -> LB 1,11528104,11529048,944,23.66525439892785,-5.3389824042886005
2026-08-02T17:58:42.496,25.0,1,2,22.34000015258789,OFF,LB 1 -> LB 2,11531284,11532224,940,23.765957609136056,-4.936169563455778
2026-08-02T17:58:46.984,25.0,1,2,22.34000015258789,ON,LB 2 -> LB 1,11535757,11536699,942,23.715499100411773,-5.13800359835291
2026-08-02T17:58:50.181,25.0,1,2,22.34000015258789,OFF,LB 1 -> LB 2,11538937,11539877,940,23.765957609136056,-4.936169563455778
2026-08-02T17:58:54.601,25.0,1,2,22.34000015258789,ON,LB 2 -> LB 1,11543411,11544353,942,23.715499100411773,-5.13800359835291
2026-08-02T17:58:57.815,25.0,1,2,22.34000015258789,OFF,LB 1 -> LB 2,11546591,11547531,940,23.765957609136056,-4.936169563455778
2026-08-02T17:59:02.283,25.0,1,2,22.34000015258789,ON,LB 2 -> LB 1,11551064,11552006,942,23.715499100411773,-5.13800359835291
2026-08-02T17:59:05.458,25.0,1,2,22.34000015258789,OFF,LB 1 -> LB 2,11554244,11555184,940,23.765957609136056,-4.936169563455778
2026-08-02T17:59:09.938,25.0,1,2,22.34000015258789,ON,LB 2 -> LB 1,11558718,11559662,944,23.66525439892785,-5.3389824042886005
2026-08-02T17:59:13.081,25.0,1,2,22.34000015258789,OFF,LB 1 -> LB 2,11561899,11562838,939,23.791267468144717,-4.834930127421131
2026-08-02T17:59:17.581,25.0,1,2,22.34000015258789,ON,LB 2 -> LB 1,11566371,11567314,943,23.690350108788856,-5.238599564844577
2026-08-02T17:59:20.759,25.0,1,2,22.34000015258789,OFF,LB 1 -> LB 2,11569552,11570491,939,23.791267468144717,-4.834930127421131
2026-08-02T17:59:25.215,25.0,1,2,22.34000015258789,ON,LB 2 -> LB 1,11574025,11574967,942,23.715499100411773,-5.13800359835291
2026-08-02T17:59:28.402,25.0,1,2,22.34000015258789,OFF,LB 1 -> LB 2,11577205,11578145,940,23.765957609136056,-4.936169563455778
2026-08-02T17:59:48.637,25.0,1,2,22.34000015258789,OFF,LB 1 -> LB 2,11597934,11598405,471,47.430998200823545,89.72399280329418
2026-08-02T17:59:50.907,25.0,1,2,22.34000015258789,ON,LB 2 -> LB 1,11600169,11600640,471,47.430998200823545,89.72399280329418
2026-08-02T18:00:03.932,50.0,1,2,22.34000015258789,OFF,LB 1 -> LB 2,11613241,11613712,471,47.430998200823545,-5.13800359835291
2026-08-02T18:00:06.182,50.0,1,2,22.34000015258789,ON,LB 2 -> LB 1,11615475,11615947,472,47.3305087978557,-5.3389824042886005
2026-08-02T18:00:07.783,50.0,1,2,22.34000015258789,OFF,LB 1 -> LB 2,11617068,11617539,471,47.430998200823545,-5.13800359835291
2026-08-02T18:00:10.004,50.0,1,2,22.34000015258789,ON,LB 2 -> LB 1,11619302,11619774,472,47.3305087978557,-5.3389824042886005
2026-08-02T18:00:11.637,50.0,1,2,22.34000015258789,OFF,LB 1 -> LB 2,11620894,11621365,471,47.430998200823545,-5.13800359835291
2026-08-02T18:00:13.894,50.0,1,2,22.34000015258789,ON,LB 2 -> LB 1,11623129,11623601,472,47.3305087978557,-5.3389824042886005
2026-08-02T18:00:15.451,50.0,1,2,22.34000015258789,OFF,LB 1 -> LB 2,11624721,11625192,471,47.430998200823545,-5.13800359835291
2026-08-02T18:00:17.676,50.0,1,2,22.34000015258789,ON,LB 2 -> LB 1,11626955,11627427,472,47.3305087978557,-5.3389824042886005
2026-08-02T18:00:19.238,50.0,1,2,22.34000015258789,OFF,LB 1 -> LB 2,11628548,11629019,471,47.430998200823545,-5.13800359835291
2026-08-02T18:00:21.512,50.0,1,2,22.34000015258789,ON,LB 2 -> LB 1,11630783,11631255,472,47.3305087978557,-5.3389824042886005
2026-08-02T18:00:23.067,50.0,1,2,22.34000015258789,OFF,LB 1 -> LB 2,11632375,11632846,471,47.430998200823545,-5.13800359835291
2026-08-02T18:00:25.314,50.0,1,2,22.34000015258789,ON,LB 2 -> LB 1,11634609,11635081,472,47.3305087978557,-5.3389824042886005
2026-08-02T18:00:26.945,50.0,1,2,22.34000015258789,OFF,LB 1 -> LB 2,11636201,11636672,471,47.430998200823545,-5.13800359835291
2026-08-02T18:00:29.145,50.0,1,2,22.34000015258789,ON,LB 2 -> LB 1,11638436,11638907,471,47.430998200823545,-5.13800359835291
2026-08-02T18:00:30.770,50.0,1,2,22.34000015258789,OFF,LB 1 -> LB 2,11640028,11640499,471,47.430998200823545,-5.13800359835291
2026-08-02T18:00:32.975,50.0,1,2,22.34000015258789,ON,LB 2 -> LB 1,11642263,11642734,471,47.430998200823545,-5.13800359835291
2026-08-02T18:00:34.553,50.0,1,2,22.34000015258789,OFF,LB 1 -> LB 2,11643855,11644326,471,47.430998200823545,-5.13800359835291
2026-08-02T18:00:36.835,50.0,1,2,22.34000015258789,ON,LB 2 -> LB 1,11646089,11646561,472,47.3305087978557,-5.3389824042886005
2026-08-02T18:00:38.402,50.0,1,2,22.34000015258789,OFF,LB 1 -> LB 2,11647682,11648153,471,47.430998200823545,-5.13800359835291
2026-08-02T18:00:40.640,50.0,1,2,22.34000015258789,ON,LB 2 -> LB 1,11649916,11650388,472,47.3305087978557,-5.3389824042886005
2026-08-02T18:00:42.239,50.0,1,2,22.34000015258789,OFF,LB 1 -> LB 2,11651509,11651980,471,47.430998200823545,-5.13800359835291
2026-08-02T18:00:44.448,50.0,1,2,22.34000015258789,ON,LB 2 -> LB 1,11653743,11654214,471,47.430998200823545,-5.13800359835291
2026-08-02T18:00:46.066,50.0,1,2,22.34000015258789,OFF,LB 1 -> LB 2,11655336,11655807,471,47.430998200823545,-5.13800359835291
2026-08-02T18:00:48.252,50.0,1,2,22.34000015258789,ON,LB 2 -> LB 1,11657570,11658041,471,47.430998200823545,-5.13800359835291
2026-08-02T18:00:49.897,50.0,1,2,22.34000015258789,OFF,LB 1 -> LB 2,11659162,11659633,471,47.430998200823545,-5.13800359835291
2026-08-02T18:00:52.084,50.0,1,2,22.34000015258789,ON,LB 2 -> LB 1,11661397,11661868,471,47.430998200823545,-5.13800359835291
2026-08-02T18:00:53.709,50.0,1,2,22.34000015258789,OFF,LB 1 -> LB 2,11662989,11663460,471,47.430998200823545,-5.13800359835291
2026-08-02T18:00:55.912,50.0,1,2,22.34000015258789,ON,LB 2 -> LB 1,11665223,11665695,472,47.3305087978557,-5.3389824042886005
2026-08-02T18:00:57.520,50.0,1,2,22.34000015258789,OFF,LB 1 -> LB 2,11666816,11667287,471,47.430998200823545,-5.13800359835291
2026-08-02T18:00:59.777,50.0,1,2,22.34000015258789,ON,LB 2 -> LB 1,11669050,11669521,471,47.430998200823545,-5.13800359835291
2026-08-02T18:01:01.325,50.0,1,2,22.34000015258789,OFF,LB 1 -> LB 2,11670642,11671113,471,47.430998200823545,-5.13800359835291
2026-08-02T18:01:03.592,50.0,1,2,22.34000015258789,ON,LB 2 -> LB 1,11672877,11673349,472,47.3305087978557,-5.3389824042886005
2026-08-02T18:01:05.158,50.0,1,2,22.34000015258789,OFF,LB 1 -> LB 2,11674469,11674940,471,47.430998200823545,-5.13800359835291
2026-08-02T18:01:18.020,100.0,1,2,22.34000015258789,OFF,LB 1 -> LB 2,11687558,11687794,236,94.6610175957114,-5.3389824042886005
2026-08-02T18:01:18.897,100.0,1,2,22.34000015258789,ON,LB 1 -> LB 2,11686997,11688677,1680,13.297619138445173,-86.70238086155483
2026-08-02T18:01:19.917,100.0,1,2,22.34000015258789,OFF,LB 1 -> LB 2,11689470,11689707,237,94.26160401935819,-5.738395980641812
2026-08-02T18:01:20.844,100.0,1,2,22.34000015258789,ON,LB 1 -> LB 2,11688909,11690590,1681,13.289708597613261,-86.71029140238674
2026-08-02T18:01:21.845,100.0,1,2,22.34000015258789,OFF,LB 1 -> LB 2,11691385,11691620,235,95.06383043654422,-4.936169563455778
2026-08-02T18:01:22.721,100.0,1,2,22.34000015258789,ON,LB 1 -> LB 2,11690823,11692503,1680,13.297619138445173,-86.70238086155483
2026-08-02T18:01:23.791,100.0,1,2,22.34000015258789,OFF,LB 1 -> LB 2,11693299,11693533,234,95.47008612217047,-4.529913877829529
2026-08-02T18:01:24.621,100.0,1,2,22.34000015258789,ON,LB 1 -> LB 2,11692738,11694416,1678,13.31346850571388,-86.68653149428611
2026-08-02T18:01:25.677,100.0,1,2,22.34000015258789,OFF,LB 1 -> LB 2,11695212,11695447,235,95.06383043654422,-4.936169563455778
2026-08-02T18:01:26.570,100.0,1,2,22.34000015258789,ON,LB 1 -> LB 2,11694652,11696329,1677,13.321407365884252,-86.67859263411574
2026-08-02T18:01:27.592,100.0,1,2,22.34000015258789,OFF,LB 1 -> LB 2,11697125,11697360,235,95.06383043654422,-4.936169563455778
2026-08-02T18:01:28.468,100.0,1,2,22.34000015258789,ON,LB 1 -> LB 2,11696565,11698243,1678,13.31346850571388,-86.68653149428611
2026-08-02T18:01:29.485,100.0,1,2,22.34000015258789,OFF,LB 1 -> LB 2,11699038,11699274,236,94.6610175957114,-5.3389824042886005
2026-08-02T18:01:30.356,100.0,1,2,22.34000015258789,ON,LB 1 -> LB 2,11698477,11700157,1680,13.297619138445173,-86.70238086155483
2026-08-02T18:01:31.438,100.0,1,2,22.34000015258789,OFF,LB 1 -> LB 2,11700952,11701187,235,95.06383043654422,-4.936169563455778
2026-08-02T18:01:32.313,100.0,1,2,22.34000015258789,ON,LB 1 -> LB 2,11700391,11702070,1679,13.30553910219648,-86.69446089780352
2026-08-02T18:01:33.319,100.0,1,2,22.34000015258789,OFF,LB 1 -> LB 2,11702865,11703100,235,95.06383043654422,-4.936169563455778
2026-08-02T18:01:34.197,100.0,1,2,22.34000015258789,ON,LB 1 -> LB 2,11702304,11703983,1679,13.30553910219648,-86.69446089780352
2026-08-02T18:01:35.265,100.0,1,2,22.34000015258789,OFF,LB 1 -> LB 2,11704779,11705014,235,95.06383043654422,-4.936169563455778
2026-08-02T18:01:36.141,100.0,1,2,22.34000015258789,ON,LB 1 -> LB 2,11704218,11705896,1678,13.31346850571388,-86.68653149428611
2026-08-02T18:01:37.131,100.0,1,2,22.34000015258789,OFF,LB 1 -> LB 2,11706692,11706927,235,95.06383043654422,-4.936169563455778
2026-08-02T18:01:38.024,100.0,1,2,22.34000015258789,ON,LB 1 -> LB 2,11706131,11707810,1679,13.30553910219648,-86.69446089780352
2026-08-02T18:01:39.078,100.0,1,2,22.34000015258789,OFF,LB 1 -> LB 2,11708605,11708841,236,94.6610175957114,-5.3389824042886005
2026-08-02T18:01:39.949,100.0,1,2,22.34000015258789,ON,LB 1 -> LB 2,11708044,11709724,1680,13.297619138445173,-86.70238086155483
2026-08-02T18:01:40.958,100.0,1,2,22.34000015258789,OFF,LB 1 -> LB 2,11710519,11710754,235,95.06383043654422,-4.936169563455778
2026-08-02T18:01:41.837,100.0,1,2,22.34000015258789,ON,LB 1 -> LB 2,11709958,11711637,1679,13.30553910219648,-86.69446089780352
2026-08-02T18:01:42.919,100.0,1,2,22.34000015258789,OFF,LB 1 -> LB 2,11712432,11712667,235,95.06383043654422,-4.936169563455778
2026-08-02T18:01:43.777,100.0,1,2,22.34000015258789,ON,LB 1 -> LB 2,11711872,11713550,1678,13.31346850571388,-86.68653149428611
2026-08-02T18:01:44.797,100.0,1,2,22.34000015258789,OFF,LB 1 -> LB 2,11714346,11714581,235,95.06383043654422,-4.936169563455778
2026-08-02T18:01:45.675,100.0,1,2,22.34000015258789,ON,LB 1 -> LB 2,11713785,11715463,1678,13.31346850571388,-86.68653149428611
2026-08-02T18:01:46.763,100.0,1,2,22.34000015258789,OFF,LB 1 -> LB 2,11716259,11716494,235,95.06383043654422,-4.936169563455778
2026-08-02T18:01:47.588,100.0,1,2,22.34000015258789,ON,LB 1 -> LB 2,11715698,11717377,1679,13.30553910219648,-86.69446089780352
2026-08-02T18:01:48.657,100.0,1,2,22.34000015258789,OFF,LB 1 -> LB 2,11718172,11718407,235,95.06383043654422,-4.936169563455778
2026-08-02T18:01:49.534,100.0,1,2,22.34000015258789,ON,LB 1 -> LB 2,11717611,11719290,1679,13.30553910219648,-86.69446089780352
2026-08-02T18:01:50.555,100.0,1,2,22.34000015258789,OFF,LB 1 -> LB 2,11720086,11720321,235,95.06383043654422,-4.936169563455778
2026-08-02T18:01:51.430,100.0,1,2,22.34000015258789,ON,LB 1 -> LB 2,11719525,11721203,1678,13.31346850571388,-86.68653149428611
2026-08-02T18:01:52.497,100.0,1,2,22.34000015258789,OFF,LB 1 -> LB 2,11721999,11722234,235,95.06383043654422,-4.936169563455778
2026-08-02T18:01:53.320,100.0,1,2,22.34000015258789,ON,LB 1 -> LB 2,11721439,11723117,1678,13.31346850571388,-86.68653149428611
2026-08-02T18:01:54.382,100.0,1,2,22.34000015258789,OFF,LB 1 -> LB 2,11723913,11724148,235,95.06383043654422,-4.936169563455778
2026-08-02T18:01:55.255,100.0,1,2,22.34000015258789,ON,LB 1 -> LB 2,11723352,11725030,1678,13.31346850571388,-86.68653149428611
2026-08-02T18:01:56.259,100.0,1,2,22.34000015258789,OFF,LB 1 -> LB 2,11725826,11726061,235,95.06383043654422,-4.936169563455778
2026-08-02T18:01:57.179,100.0,1,2,22.34000015258789,ON,LB 1 -> LB 2,11725265,11726944,1679,13.30553910219648,-86.69446089780352
2026-08-02T18:01:58.178,100.0,1,2,22.34000015258789,OFF,LB 1 -> LB 2,11727739,11727974,235,95.06383043654422,-4.936169563455778
2026-08-02T18:01:59.070,100.0,1,2,22.34000015258789,ON,LB 1 -> LB 2,11727179,11728857,1678,13.31346850571388,-86.68653149428611
2026-08-02T18:02:00.141,100.0,1,2,22.34000015258789,OFF,LB 1 -> LB 2,11729652,11729888,236,94.6610175957114,-5.3389824042886005
2026-08-02T18:02:01.037,100.0,1,2,22.34000015258789,ON,LB 1 -> LB 2,11729091,11730770,1679,13.30553910219648,-86.69446089780352
2026-08-02T18:02:02.042,100.0,1,2,22.34000015258789,OFF,LB 1 -> LB 2,11731566,11731801,235,95.06383043654422,-4.936169563455778
2026-08-02T18:02:02.918,100.0,1,2,22.34000015258789,ON,LB 1 -> LB 2,11731005,11732684,1679,13.30553910219648,-86.69446089780352
2026-08-02T18:02:03.908,100.0,1,2,22.34000015258789,OFF,LB 1 -> LB 2,11733480,11733714,234,95.47008612217047,-4.529913877829529
2026-08-02T18:02:04.852,100.0,1,2,22.34000015258789,ON,LB 1 -> LB 2,11732919,11734597,1678,13.31346850571388,-86.68653149428611
2026-08-02T18:02:05.855,100.0,1,2,22.34000015258789,OFF,LB 1 -> LB 2,11735393,11735628,235,95.06383043654422,-4.936169563455778
